Lachnospiraceae_bacterium_3-2_gi_510890818_ref_NZ_	scaffold_6526
Lachnospiraceae_bacterium_3-2_gi_510891232_ref_NZ_	scaffold_2189	scaffold_2504	scaffold_2822	scaffold_2855	scaffold_3025	scaffold_3047	scaffold_3107	scaffold_3334	scaffold_3753	scaffold_3912	scaffold_4077	scaffold_4187	scaffold_4218	scaffold_4261	scaffold_4270	scaffold_4283	scaffold_4313	scaffold_4357	scaffold_4389	scaffold_4413	scaffold_4645	scaffold_4714	scaffold_4881	scaffold_4908	scaffold_4919	scaffold_4972	scaffold_5151	scaffold_5285	scaffold_5336	scaffold_5815	scaffold_5815	scaffold_5834	scaffold_5888	scaffold_5909	scaffold_6087	scaffold_6114	scaffold_6280	scaffold_6439	scaffold_6668	scaffold_6726	scaffold_6872	scaffold_6983	scaffold_7302	scaffold_7381	scaffold_7408	scaffold_7515	scaffold_7555	scaffold_7634	scaffold_7637	scaffold_7766	scaffold_8508	scaffold_8709	scaffold_9037	scaffold_9222	scaffold_9636	scaffold_9860	scaffold_9970	scaffold_10419	scaffold_10826	scaffold_10962	scaffold_10995	scaffold_11023	scaffold_11126	scaffold_11143	scaffold_11155	scaffold_11265	scaffold_11413	scaffold_11484	scaffold_11501	scaffold_11767	scaffold_11797	scaffold_11905	scaffold_11972	scaffold_12872	scaffold_12889	scaffold_13026	scaffold_13695	scaffold_13841	scaffold_13984	scaffold_14673	scaffold_14820	scaffold_14887	scaffold_16260	scaffold_17006
Lachnospiraceae_bacterium_3-2_gi_510890808_ref_NZ_	scaffold_6259	scaffold_1422	scaffold_1701	scaffold_1802	scaffold_1829	scaffold_1841	scaffold_1937	scaffold_2238	scaffold_2257	scaffold_2671	scaffold_2691	scaffold_2693	scaffold_2929	scaffold_2955	scaffold_2978	scaffold_3112	scaffold_3163	scaffold_3177	scaffold_3181	scaffold_3232	scaffold_3396	scaffold_3425	scaffold_3447	scaffold_3596	scaffold_3650	scaffold_3713	scaffold_3760	scaffold_3812	scaffold_3838	scaffold_3849	scaffold_3850	scaffold_3946	scaffold_3962	scaffold_4129	scaffold_4235	scaffold_4258	scaffold_4294	scaffold_4317	scaffold_4455	scaffold_4521	scaffold_4666	scaffold_4696	scaffold_4705	scaffold_4868	scaffold_5277	scaffold_5453	scaffold_5552	scaffold_5687	scaffold_5881	scaffold_6163	scaffold_6175	scaffold_6715	scaffold_6741	scaffold_6949	scaffold_7263	scaffold_7268	scaffold_7345	scaffold_7359	scaffold_7600	scaffold_7607	scaffold_7629	scaffold_7664	scaffold_7709	scaffold_7951	scaffold_8016	scaffold_8185	scaffold_8195	scaffold_8287	scaffold_8364	scaffold_8414	scaffold_8437	scaffold_8502	scaffold_8657	scaffold_8703	scaffold_8830	scaffold_8977	scaffold_9055	scaffold_9298	scaffold_9332	scaffold_9510	scaffold_9685	scaffold_9900	scaffold_9962	scaffold_10039	scaffold_10048	scaffold_10119	scaffold_10355	scaffold_10718	scaffold_10996	scaffold_11388	scaffold_11398	scaffold_11479	scaffold_11777	scaffold_12050	scaffold_12139	scaffold_12294	scaffold_12557	scaffold_12725	scaffold_13329	scaffold_13459	scaffold_13670	scaffold_14091	scaffold_14118	scaffold_14260	scaffold_14763	scaffold_15173	scaffold_15181	scaffold_15192	scaffold_15650	scaffold_15697	scaffold_16582	scaffold_17448	scaffold_17499	scaffold_17686
Lachnospiraceae_bacterium_3-2_gi_510890969_ref_NZ_	scaffold_1824	scaffold_2066	scaffold_2794	scaffold_2917	scaffold_2952	scaffold_4183	scaffold_4234	scaffold_4318	scaffold_4339	scaffold_4457	scaffold_4559	scaffold_4579	scaffold_4618	scaffold_4841	scaffold_4848	scaffold_4932	scaffold_4963	scaffold_5143	scaffold_5175	scaffold_5224	scaffold_5314	scaffold_5369	scaffold_5413	scaffold_5611	scaffold_5624	scaffold_5635	scaffold_5902	scaffold_5976	scaffold_5986	scaffold_6025	scaffold_6176	scaffold_6324	scaffold_6536	scaffold_6579	scaffold_6598	scaffold_6717	scaffold_6823	scaffold_7050	scaffold_7319	scaffold_7508	scaffold_7605	scaffold_7620	scaffold_7923	scaffold_7930	scaffold_7952	scaffold_8002	scaffold_8209	scaffold_8331	scaffold_8332	scaffold_8340	scaffold_8445	scaffold_8448	scaffold_8521	scaffold_8806	scaffold_8985	scaffold_9076	scaffold_9124	scaffold_9490	scaffold_9491	scaffold_9823	scaffold_10096	scaffold_10268	scaffold_10368	scaffold_10462	scaffold_10494	scaffold_10550	scaffold_10591	scaffold_10728	scaffold_11520	scaffold_11534	scaffold_11644	scaffold_11676	scaffold_11719	scaffold_11856	scaffold_12317	scaffold_12933	scaffold_13274	scaffold_13575	scaffold_14597	scaffold_14623	scaffold_14739	scaffold_15088	scaffold_15324	scaffold_15669	scaffold_15760	scaffold_15887	scaffold_17356	scaffold_17417
Lachnospiraceae_bacterium_3-2_gi_510889810_ref_NZ_	scaffold_5777	scaffold_9011	scaffold_11170
Lachnospiraceae_bacterium_3-2_gi_510891760_ref_NZ_	scaffold_13468
Lachnospiraceae_bacterium_3-2_gi_510890016_ref_NZ_	scaffold_6323	scaffold_2195	scaffold_1600	scaffold_1714	scaffold_1814	scaffold_1935	scaffold_2270	scaffold_2270	scaffold_2405	scaffold_2540	scaffold_2924	scaffold_2946	scaffold_3013	scaffold_3123	scaffold_3229	scaffold_3333	scaffold_3400	scaffold_3413	scaffold_3482	scaffold_3520	scaffold_3544	scaffold_3590	scaffold_3708	scaffold_3932	scaffold_4142	scaffold_4314	scaffold_4370	scaffold_4469	scaffold_4639	scaffold_4672	scaffold_4888	scaffold_5081	scaffold_5205	scaffold_5441	scaffold_5448	scaffold_5594	scaffold_6134	scaffold_6147	scaffold_6188	scaffold_6260	scaffold_6264	scaffold_6412	scaffold_6464	scaffold_6632	scaffold_6653	scaffold_6659	scaffold_6773	scaffold_6910	scaffold_6912	scaffold_7139	scaffold_7157	scaffold_7174	scaffold_7402	scaffold_7429	scaffold_7670	scaffold_7877	scaffold_8033	scaffold_8157	scaffold_8466	scaffold_8498	scaffold_8529	scaffold_8908	scaffold_9170	scaffold_9192	scaffold_9240	scaffold_9478	scaffold_9652	scaffold_10144	scaffold_10295	scaffold_10484	scaffold_10491	scaffold_10584	scaffold_10681	scaffold_10887	scaffold_11014	scaffold_11225	scaffold_11233	scaffold_11437	scaffold_11478	scaffold_11488	scaffold_11906	scaffold_12035	scaffold_12184	scaffold_12493	scaffold_13268	scaffold_13556	scaffold_14089	scaffold_14298	scaffold_14389	scaffold_14471	scaffold_14688	scaffold_15072	scaffold_15485	scaffold_16708	scaffold_16935	scaffold_17711
Lachnospiraceae_bacterium_3-2_gi_510891285_ref_NZ_	scaffold_8343
Lachnospiraceae_bacterium_3-2_gi_510890821_ref_NZ_	scaffold_11518
Lachnospiraceae_bacterium_3-2_gi_510891235_ref_NZ_	scaffold_13327
Lachnospiraceae_bacterium_3-2_gi_510893389_ref_NZ_	scaffold_2790
Lachnospiraceae_bacterium_3-2_gi_510889744_ref_NZ_	scaffold_317	scaffold_1235	scaffold_1549	scaffold_1648	scaffold_1910	scaffold_1980	scaffold_2040	scaffold_2076	scaffold_2365	scaffold_2491	scaffold_2532	scaffold_2547	scaffold_2606	scaffold_2658	scaffold_2905	scaffold_2980	scaffold_3032	scaffold_3096	scaffold_3212	scaffold_3328	scaffold_3350	scaffold_3398	scaffold_3496	scaffold_3576	scaffold_3755	scaffold_3772	scaffold_3784	scaffold_3813	scaffold_3877	scaffold_3958	scaffold_4135	scaffold_4143	scaffold_4185	scaffold_4305	scaffold_4396	scaffold_4399	scaffold_4536	scaffold_4588	scaffold_4627	scaffold_4741	scaffold_4763	scaffold_4933	scaffold_4966	scaffold_5086	scaffold_5246	scaffold_5360	scaffold_5493	scaffold_5616	scaffold_5745	scaffold_5784	scaffold_5821	scaffold_5919	scaffold_5995	scaffold_6003	scaffold_6074	scaffold_6179	scaffold_6301	scaffold_6356	scaffold_6421	scaffold_6426	scaffold_6471	scaffold_6524	scaffold_6634	scaffold_6771	scaffold_6778	scaffold_6788	scaffold_6893	scaffold_7111	scaffold_7331	scaffold_7395	scaffold_7565	scaffold_7698	scaffold_7784	scaffold_7809	scaffold_7826	scaffold_7901	scaffold_8050	scaffold_8100	scaffold_8169	scaffold_8188	scaffold_8409	scaffold_8520	scaffold_8522	scaffold_8602	scaffold_8607	scaffold_8607	scaffold_8620	scaffold_8622	scaffold_8684	scaffold_8774	scaffold_8839	scaffold_8959	scaffold_8968	scaffold_9172	scaffold_9475	scaffold_9554	scaffold_9729	scaffold_9893	scaffold_9905	scaffold_10194	scaffold_10293	scaffold_10336	scaffold_10432	scaffold_10505	scaffold_10619	scaffold_10850	scaffold_11083	scaffold_11270	scaffold_11322	scaffold_11759	scaffold_11785	scaffold_12724	scaffold_12909	scaffold_13189	scaffold_13201	scaffold_13516	scaffold_13649	scaffold_13751	scaffold_13885	scaffold_14169	scaffold_14346	scaffold_14972	scaffold_15081	scaffold_15214	scaffold_15255	scaffold_15560	scaffold_15633	scaffold_16010	scaffold_16362	scaffold_16662	scaffold_16887	scaffold_16906	scaffold_17418	scaffold_17680
Lachnospiraceae_bacterium_3-2_gi_510891771_ref_NZ_	scaffold_10244
Lachnospiraceae_bacterium_3-2_gi_510891395_ref_NZ_	scaffold_1873
Lachnospiraceae_bacterium_3-2_gi_510890586_ref_NZ_	scaffold_4183	scaffold_3081	scaffold_9049	scaffold_1650	scaffold_1696	scaffold_2183	scaffold_2353	scaffold_2401	scaffold_2496	scaffold_2644	scaffold_2706	scaffold_2738	scaffold_2792	scaffold_2944	scaffold_3184	scaffold_3246	scaffold_3284	scaffold_3494	scaffold_3514	scaffold_3593	scaffold_3647	scaffold_3778	scaffold_3978	scaffold_3983	scaffold_3983	scaffold_4115	scaffold_4274	scaffold_4287	scaffold_4545	scaffold_4565	scaffold_4602	scaffold_4614	scaffold_4635	scaffold_4871	scaffold_4927	scaffold_5180	scaffold_5189	scaffold_5642	scaffold_5768	scaffold_5769	scaffold_5789	scaffold_5845	scaffold_5970	scaffold_6040	scaffold_6209	scaffold_6508	scaffold_6527	scaffold_6718	scaffold_6723	scaffold_6881	scaffold_6900	scaffold_6905	scaffold_6970	scaffold_7230	scaffold_7476	scaffold_7771	scaffold_7970	scaffold_7973	scaffold_8065	scaffold_8141	scaffold_8440	scaffold_8441	scaffold_8696	scaffold_9196	scaffold_9257	scaffold_9308	scaffold_9336	scaffold_9770	scaffold_10126	scaffold_10310	scaffold_10950	scaffold_11002	scaffold_11106	scaffold_11499	scaffold_11730	scaffold_11782	scaffold_11840	scaffold_11979	scaffold_12007	scaffold_12106	scaffold_12363	scaffold_12534	scaffold_12609	scaffold_12711	scaffold_12715	scaffold_12853	scaffold_13299	scaffold_13365	scaffold_13425	scaffold_13486	scaffold_13590	scaffold_13928	scaffold_14189	scaffold_14200	scaffold_14410	scaffold_14727	scaffold_15062	scaffold_15194	scaffold_15237	scaffold_15392	scaffold_15551	scaffold_15734	scaffold_16419	scaffold_16932	scaffold_17179	scaffold_17523
Lachnospiraceae_bacterium_3-2_gi_510892970_ref_NZ_	scaffold_3584	scaffold_5907	scaffold_1514	scaffold_1551	scaffold_1704	scaffold_1952	scaffold_2044	scaffold_2046	scaffold_2051	scaffold_2090	scaffold_2161	scaffold_2195	scaffold_2249	scaffold_2331	scaffold_2468	scaffold_2674	scaffold_2755	scaffold_2830	scaffold_2875	scaffold_2877	scaffold_2965	scaffold_2977	scaffold_3256	scaffold_3448	scaffold_3594	scaffold_3687	scaffold_3818	scaffold_3834	scaffold_3972	scaffold_4008	scaffold_4048	scaffold_4202	scaffold_4298	scaffold_4381	scaffold_4391	scaffold_4432	scaffold_4525	scaffold_4572	scaffold_4674	scaffold_4708	scaffold_4726	scaffold_4783	scaffold_4843	scaffold_4987	scaffold_5007	scaffold_5049	scaffold_5084	scaffold_5230	scaffold_5242	scaffold_5404	scaffold_5468	scaffold_5713	scaffold_5858	scaffold_5862	scaffold_5896	scaffold_5925	scaffold_5971	scaffold_5999	scaffold_6050	scaffold_6062	scaffold_6106	scaffold_6146	scaffold_6202	scaffold_6422	scaffold_6466	scaffold_6476	scaffold_6542	scaffold_6589	scaffold_6607	scaffold_6636	scaffold_6733	scaffold_6856	scaffold_6878	scaffold_6917	scaffold_7274	scaffold_7346	scaffold_7470	scaffold_7674	scaffold_7711	scaffold_7797	scaffold_7851	scaffold_7857	scaffold_7938	scaffold_7943	scaffold_8357	scaffold_8692	scaffold_8704	scaffold_8739	scaffold_8847	scaffold_8981	scaffold_9101	scaffold_9218	scaffold_9527	scaffold_9833	scaffold_10103	scaffold_10261	scaffold_10374	scaffold_10595	scaffold_10612	scaffold_10689	scaffold_10853	scaffold_10901	scaffold_11158	scaffold_11224	scaffold_11372	scaffold_11424	scaffold_11432	scaffold_11496	scaffold_11844	scaffold_11848	scaffold_12499	scaffold_12524	scaffold_12769	scaffold_12777	scaffold_12807	scaffold_13121	scaffold_13411	scaffold_13535	scaffold_13675	scaffold_13678	scaffold_13823	scaffold_13856	scaffold_13929	scaffold_14035	scaffold_14218	scaffold_14622	scaffold_14671	scaffold_14933	scaffold_14996	scaffold_15041	scaffold_15050	scaffold_15366	scaffold_15383	scaffold_15693	scaffold_15722	scaffold_15835	scaffold_15894	scaffold_16673	scaffold_17115	scaffold_17143	scaffold_17306	scaffold_17563
Lachnospiraceae_bacterium_3-2_gi_510891101_ref_NZ_	scaffold_1814	scaffold_669	scaffold_1674	scaffold_2311	scaffold_3200	scaffold_3217	scaffold_3312	scaffold_3347	scaffold_3356	scaffold_3407	scaffold_3578	scaffold_3738	scaffold_3831	scaffold_3871	scaffold_3888	scaffold_3941	scaffold_4227	scaffold_4775	scaffold_4867	scaffold_5412	scaffold_5442	scaffold_5601	scaffold_5647	scaffold_5832	scaffold_5867	scaffold_5932	scaffold_5944	scaffold_5965	scaffold_6089	scaffold_6160	scaffold_6220	scaffold_6220	scaffold_6537	scaffold_6651	scaffold_6695	scaffold_6710	scaffold_6854	scaffold_7220	scaffold_7294	scaffold_7386	scaffold_7424	scaffold_7663	scaffold_7902	scaffold_7978	scaffold_8010	scaffold_8546	scaffold_8551	scaffold_8648	scaffold_8648	scaffold_9122	scaffold_9516	scaffold_9621	scaffold_10099	scaffold_10311	scaffold_10577	scaffold_10641	scaffold_10664	scaffold_10713	scaffold_10800	scaffold_11121	scaffold_11194	scaffold_11497	scaffold_12091	scaffold_12305	scaffold_12504	scaffold_12542	scaffold_12591	scaffold_12635	scaffold_12861	scaffold_13357	scaffold_13402	scaffold_13757	scaffold_13895	scaffold_14026	scaffold_14314	scaffold_14978	scaffold_15191	scaffold_15859	scaffold_16031	scaffold_17060	scaffold_17339
Lachnospiraceae_bacterium_3-2_gi_510892449_ref_NZ_	scaffold_2504	scaffold_5792	scaffold_1873	scaffold_1714	scaffold_854	scaffold_1026	scaffold_1213	scaffold_1338	scaffold_1462	scaffold_1745	scaffold_1777	scaffold_1942	scaffold_1986	scaffold_1988	scaffold_2004	scaffold_2004	scaffold_2020	scaffold_2021	scaffold_2128	scaffold_2135	scaffold_2153	scaffold_2170	scaffold_2197	scaffold_2235	scaffold_2263	scaffold_2263	scaffold_2290	scaffold_2301	scaffold_2380	scaffold_2399	scaffold_2434	scaffold_2453	scaffold_2482	scaffold_2556	scaffold_2608	scaffold_2654	scaffold_2838	scaffold_2889	scaffold_2932	scaffold_2964	scaffold_3084	scaffold_3127	scaffold_3157	scaffold_3173	scaffold_3176	scaffold_3182	scaffold_3235	scaffold_3254	scaffold_3258	scaffold_3314	scaffold_3397	scaffold_3428	scaffold_3431	scaffold_3439	scaffold_3445	scaffold_3471	scaffold_3535	scaffold_3657	scaffold_3691	scaffold_3706	scaffold_3724	scaffold_3726	scaffold_3741	scaffold_3743	scaffold_3761	scaffold_3810	scaffold_3852	scaffold_3875	scaffold_3938	scaffold_3948	scaffold_3950	scaffold_3976	scaffold_3999	scaffold_4000	scaffold_4112	scaffold_4166	scaffold_4230	scaffold_4240	scaffold_4254	scaffold_4276	scaffold_4278	scaffold_4286	scaffold_4292	scaffold_4301	scaffold_4304	scaffold_4309	scaffold_4324	scaffold_4369	scaffold_4374	scaffold_4393	scaffold_4501	scaffold_4510	scaffold_4511	scaffold_4560	scaffold_4568	scaffold_4576	scaffold_4595	scaffold_4599	scaffold_4612	scaffold_4681	scaffold_4684	scaffold_4710	scaffold_4720	scaffold_4781	scaffold_4818	scaffold_4824	scaffold_4833	scaffold_4836	scaffold_4856	scaffold_4890	scaffold_4977	scaffold_5047	scaffold_5104	scaffold_5117	scaffold_5248	scaffold_5281	scaffold_5319	scaffold_5331	scaffold_5406	scaffold_5423	scaffold_5465	scaffold_5474	scaffold_5482	scaffold_5596	scaffold_5615	scaffold_5620	scaffold_5621	scaffold_5653	scaffold_5675	scaffold_5694	scaffold_5786	scaffold_5849	scaffold_5854	scaffold_5856	scaffold_5859	scaffold_5895	scaffold_5931	scaffold_5972	scaffold_6007	scaffold_6104	scaffold_6141	scaffold_6143	scaffold_6162	scaffold_6167	scaffold_6189	scaffold_6193	scaffold_6203	scaffold_6248	scaffold_6268	scaffold_6314	scaffold_6329	scaffold_6366	scaffold_6378	scaffold_6413	scaffold_6425	scaffold_6428	scaffold_6483	scaffold_6569	scaffold_6692	scaffold_6698	scaffold_6734	scaffold_6799	scaffold_6812	scaffold_6841	scaffold_6861	scaffold_6876	scaffold_6965	scaffold_7000	scaffold_7008	scaffold_7061	scaffold_7078	scaffold_7117	scaffold_7142	scaffold_7152	scaffold_7156	scaffold_7185	scaffold_7187	scaffold_7221	scaffold_7224	scaffold_7250	scaffold_7272	scaffold_7289	scaffold_7351	scaffold_7373	scaffold_7443	scaffold_7497	scaffold_7498	scaffold_7523	scaffold_7530	scaffold_7533	scaffold_7549	scaffold_7552	scaffold_7578	scaffold_7599	scaffold_7704	scaffold_7714	scaffold_7773	scaffold_7780	scaffold_7787	scaffold_7822	scaffold_7920	scaffold_7928	scaffold_8098	scaffold_8167	scaffold_8202	scaffold_8215	scaffold_8246	scaffold_8302	scaffold_8350	scaffold_8381	scaffold_8390	scaffold_8407	scaffold_8446	scaffold_8479	scaffold_8495	scaffold_8676	scaffold_8734	scaffold_8838	scaffold_8842	scaffold_8976	scaffold_8982	scaffold_9061	scaffold_9063	scaffold_9139	scaffold_9168	scaffold_9207	scaffold_9334	scaffold_9466	scaffold_9480	scaffold_9487	scaffold_9571	scaffold_9580	scaffold_9628	scaffold_9646	scaffold_9658	scaffold_9666	scaffold_9693	scaffold_9712	scaffold_9721	scaffold_9748	scaffold_9829	scaffold_9883	scaffold_9885	scaffold_9890	scaffold_9972	scaffold_10054	scaffold_10125	scaffold_10256	scaffold_10309	scaffold_10333	scaffold_10339	scaffold_10464	scaffold_10770	scaffold_10807	scaffold_10817	scaffold_10820	scaffold_10836	scaffold_10914	scaffold_10941	scaffold_10978	scaffold_10989	scaffold_11043	scaffold_11048	scaffold_11052	scaffold_11104	scaffold_11144	scaffold_11162	scaffold_11203	scaffold_11266	scaffold_11328	scaffold_11386	scaffold_11394	scaffold_11502	scaffold_11529	scaffold_11554	scaffold_11637	scaffold_11698	scaffold_11712	scaffold_11774	scaffold_11798	scaffold_11852	scaffold_12087	scaffold_12156	scaffold_12170	scaffold_12229	scaffold_12331	scaffold_12448	scaffold_12456	scaffold_12596	scaffold_12613	scaffold_12680	scaffold_12726	scaffold_12918	scaffold_12958	scaffold_13089	scaffold_13293	scaffold_13332	scaffold_13477	scaffold_13612	scaffold_13674	scaffold_13765	scaffold_13874	scaffold_13977	scaffold_13985	scaffold_14183	scaffold_14428	scaffold_14464	scaffold_14525	scaffold_14567	scaffold_15005	scaffold_15160	scaffold_15251	scaffold_15254	scaffold_15287	scaffold_15406	scaffold_15465	scaffold_15504	scaffold_15946	scaffold_16017	scaffold_16090	scaffold_16107	scaffold_16148	scaffold_16202	scaffold_16248	scaffold_16390	scaffold_16425	scaffold_16600	scaffold_16706	scaffold_16728	scaffold_16748	scaffold_16759	scaffold_16979	scaffold_17228	scaffold_17334	scaffold_17389	scaffold_17410	scaffold_17421	scaffold_17679
Lachnospiraceae_bacterium_3-2_gi_510891733_ref_NZ_	scaffold_1692	scaffold_1979	scaffold_2198	scaffold_2363	scaffold_2457	scaffold_2466	scaffold_2484	scaffold_2539	scaffold_2551	scaffold_2560	scaffold_2741	scaffold_2784	scaffold_2793	scaffold_2795	scaffold_2810	scaffold_2841	scaffold_2963	scaffold_2981	scaffold_3021	scaffold_3053	scaffold_3178	scaffold_3221	scaffold_3270	scaffold_3343	scaffold_3378	scaffold_3380	scaffold_3479	scaffold_3500	scaffold_3560	scaffold_3584	scaffold_3620	scaffold_3636	scaffold_3656	scaffold_3686	scaffold_3688	scaffold_3843	scaffold_3969	scaffold_4014	scaffold_4029	scaffold_4065	scaffold_4132	scaffold_4264	scaffold_4359	scaffold_4470	scaffold_4537	scaffold_4683	scaffold_4780	scaffold_4786	scaffold_4801	scaffold_4805	scaffold_4889	scaffold_4968	scaffold_5029	scaffold_5040	scaffold_5099	scaffold_5218	scaffold_5222	scaffold_5233	scaffold_5351	scaffold_5354	scaffold_5394	scaffold_5501	scaffold_5510	scaffold_5569	scaffold_5664	scaffold_5754	scaffold_5755	scaffold_5910	scaffold_5967	scaffold_5974	scaffold_6063	scaffold_6069	scaffold_6070	scaffold_6117	scaffold_6144	scaffold_6206	scaffold_6300	scaffold_6342	scaffold_6595	scaffold_6637	scaffold_6706	scaffold_6719	scaffold_6722	scaffold_6770	scaffold_6786	scaffold_6837	scaffold_6907	scaffold_6964	scaffold_6973	scaffold_6986	scaffold_7075	scaffold_7088	scaffold_7090	scaffold_7093	scaffold_7138	scaffold_7209	scaffold_7232	scaffold_7290	scaffold_7377	scaffold_7426	scaffold_7434	scaffold_7658	scaffold_7765	scaffold_7802	scaffold_7815	scaffold_7896	scaffold_8205	scaffold_8217	scaffold_8223	scaffold_8266	scaffold_8365	scaffold_8394	scaffold_8416	scaffold_8506	scaffold_8580	scaffold_8699	scaffold_8717	scaffold_8755	scaffold_8767	scaffold_9016	scaffold_9083	scaffold_9102	scaffold_9106	scaffold_9155	scaffold_9345	scaffold_9386	scaffold_9610	scaffold_9703	scaffold_9983	scaffold_10371	scaffold_10504	scaffold_10541	scaffold_10730	scaffold_10754	scaffold_10788	scaffold_10949	scaffold_10992	scaffold_11074	scaffold_11400	scaffold_11434	scaffold_11550	scaffold_11571	scaffold_11684	scaffold_11747	scaffold_11755	scaffold_11806	scaffold_11824	scaffold_11961	scaffold_11965	scaffold_12004	scaffold_12070	scaffold_12230	scaffold_12243	scaffold_12382	scaffold_12781	scaffold_13028	scaffold_13224	scaffold_13358	scaffold_13393	scaffold_13566	scaffold_13567	scaffold_13589	scaffold_13721	scaffold_13861	scaffold_14008	scaffold_14161	scaffold_14188	scaffold_14266	scaffold_14269	scaffold_14601	scaffold_14869	scaffold_14966	scaffold_14987	scaffold_15225	scaffold_15325	scaffold_15547	scaffold_16066	scaffold_16150	scaffold_16197	scaffold_16397	scaffold_16417	scaffold_16592	scaffold_16825	scaffold_16888	scaffold_17264	scaffold_17478
Lachnospiraceae_bacterium_3-2_gi_510893049_ref_NZ_	scaffold_1703	scaffold_1727	scaffold_1961	scaffold_2065	scaffold_2602	scaffold_2667	scaffold_3095	scaffold_3789	scaffold_3848	scaffold_4134	scaffold_4186	scaffold_4388	scaffold_5347	scaffold_6100	scaffold_6110	scaffold_6285	scaffold_6403	scaffold_6646	scaffold_6693	scaffold_7074	scaffold_7675	scaffold_8280	scaffold_8754	scaffold_8952	scaffold_9090	scaffold_9224	scaffold_10090	scaffold_10533	scaffold_11214	scaffold_12296	scaffold_13816	scaffold_14360	scaffold_15640
Lachnospiraceae_bacterium_3-2_gi_510890389_ref_NZ_	scaffold_8052	scaffold_1514	scaffold_1441	scaffold_1492	scaffold_1871	scaffold_1912	scaffold_1969	scaffold_2151	scaffold_2243	scaffold_2253	scaffold_2255	scaffold_2406	scaffold_2435	scaffold_2529	scaffold_2604	scaffold_2653	scaffold_2757	scaffold_2758	scaffold_2788	scaffold_2805	scaffold_2858	scaffold_2883	scaffold_3044	scaffold_3077	scaffold_3114	scaffold_3119	scaffold_3120	scaffold_3188	scaffold_3209	scaffold_3241	scaffold_3472	scaffold_3510	scaffold_3527	scaffold_3532	scaffold_3562	scaffold_3568	scaffold_3603	scaffold_3610	scaffold_3677	scaffold_3819	scaffold_3892	scaffold_3951	scaffold_4026	scaffold_4119	scaffold_4184	scaffold_4322	scaffold_4395	scaffold_4474	scaffold_4551	scaffold_4592	scaffold_4632	scaffold_4660	scaffold_4685	scaffold_4731	scaffold_4832	scaffold_4850	scaffold_4878	scaffold_4891	scaffold_4894	scaffold_4903	scaffold_5016	scaffold_5031	scaffold_5089	scaffold_5209	scaffold_5260	scaffold_5489	scaffold_5530	scaffold_5644	scaffold_5771	scaffold_5892	scaffold_6048	scaffold_6049	scaffold_6078	scaffold_6115	scaffold_6142	scaffold_6151	scaffold_6174	scaffold_6273	scaffold_6349	scaffold_6357	scaffold_6398	scaffold_6400	scaffold_6456	scaffold_6470	scaffold_6551	scaffold_6583	scaffold_6615	scaffold_6640	scaffold_6673	scaffold_6780	scaffold_6810	scaffold_6851	scaffold_6887	scaffold_6951	scaffold_6995	scaffold_7037	scaffold_7059	scaffold_7096	scaffold_7164	scaffold_7258	scaffold_7269	scaffold_7282	scaffold_7296	scaffold_7297	scaffold_7419	scaffold_7431	scaffold_7560	scaffold_7587	scaffold_7676	scaffold_7767	scaffold_7864	scaffold_7903	scaffold_8091	scaffold_8094	scaffold_8115	scaffold_8300	scaffold_8550	scaffold_8578	scaffold_8617	scaffold_8626	scaffold_8757	scaffold_8819	scaffold_8852	scaffold_8873	scaffold_8902	scaffold_9066	scaffold_9136	scaffold_9138	scaffold_9177	scaffold_9219	scaffold_9378	scaffold_9403	scaffold_9451	scaffold_9618	scaffold_9787	scaffold_10204	scaffold_10207	scaffold_10217	scaffold_10222	scaffold_10251	scaffold_10485	scaffold_10736	scaffold_10880	scaffold_10898	scaffold_10926	scaffold_11241	scaffold_11647	scaffold_11926	scaffold_12069	scaffold_12113	scaffold_12347	scaffold_12354	scaffold_12425	scaffold_12487	scaffold_12580	scaffold_12649	scaffold_12661	scaffold_12882	scaffold_12944	scaffold_12947	scaffold_12952	scaffold_13005	scaffold_13025	scaffold_13448	scaffold_13524	scaffold_13620	scaffold_13650	scaffold_13918	scaffold_14011	scaffold_14134	scaffold_14162	scaffold_14256	scaffold_14384	scaffold_14538	scaffold_14582	scaffold_14740	scaffold_14806	scaffold_14878	scaffold_15242	scaffold_15285	scaffold_15480	scaffold_15643	scaffold_15792	scaffold_15862	scaffold_15966	scaffold_16174	scaffold_16344	scaffold_16548	scaffold_16661	scaffold_16738	scaffold_16794	scaffold_17034	scaffold_17464
Lachnospiraceae_bacterium_3-2_gi_510889804_ref_NZ_	scaffold_2354	scaffold_11286
Lachnospiraceae_bacterium_3-2_gi_510891753_ref_NZ_	scaffold_3493	scaffold_4021	scaffold_7538	scaffold_9043	scaffold_16805
Lachnospiraceae_bacterium_3-2_gi_510889484_ref_NZ_	scaffold_1922	scaffold_2005	scaffold_2643	scaffold_3175	scaffold_3283	scaffold_3318	scaffold_5505	scaffold_5538	scaffold_6395	scaffold_9463	scaffold_10176	scaffold_10356	scaffold_10961	scaffold_12575	scaffold_12873	scaffold_13019	scaffold_13074	scaffold_15292	scaffold_15389	scaffold_17502
Lachnospiraceae_bacterium_3-2_gi_510889843_ref_NZ_	scaffold_1422	scaffold_2941	scaffold_3062	scaffold_3516	scaffold_4955	scaffold_5796	scaffold_6244	scaffold_6469	scaffold_6953	scaffold_7024	scaffold_12067	scaffold_13493	scaffold_13702	scaffold_14066	scaffold_14527	scaffold_15503
Lachnospiraceae_bacterium_3-2_gi_510889437_ref_NZ_	scaffold_11448
Lachnospiraceae_bacterium_3-2_gi_510893384_ref_NZ_	scaffold_4687	scaffold_2671	scaffold_1501	scaffold_1550	scaffold_1819	scaffold_2039	scaffold_2087	scaffold_2219	scaffold_2377	scaffold_2377	scaffold_2420	scaffold_2480	scaffold_2601	scaffold_2747	scaffold_2780	scaffold_2825	scaffold_2853	scaffold_2982	scaffold_2989	scaffold_3024	scaffold_3057	scaffold_3085	scaffold_3197	scaffold_3313	scaffold_3512	scaffold_3586	scaffold_3607	scaffold_3624	scaffold_3640	scaffold_3732	scaffold_3770	scaffold_3884	scaffold_3996	scaffold_4128	scaffold_4297	scaffold_4342	scaffold_4390	scaffold_4496	scaffold_4549	scaffold_4654	scaffold_4665	scaffold_4768	scaffold_4815	scaffold_4864	scaffold_4869	scaffold_4980	scaffold_4988	scaffold_4997	scaffold_5024	scaffold_5068	scaffold_5110	scaffold_5127	scaffold_5250	scaffold_5282	scaffold_5337	scaffold_5401	scaffold_5475	scaffold_5481	scaffold_5492	scaffold_5525	scaffold_5526	scaffold_5544	scaffold_5598	scaffold_5712	scaffold_5761	scaffold_5812	scaffold_5891	scaffold_6030	scaffold_6064	scaffold_6099	scaffold_6172	scaffold_6182	scaffold_6184	scaffold_6221	scaffold_6257	scaffold_6257	scaffold_6316	scaffold_6353	scaffold_6388	scaffold_6519	scaffold_6531	scaffold_6596	scaffold_6728	scaffold_6735	scaffold_6755	scaffold_6775	scaffold_6844	scaffold_6897	scaffold_6942	scaffold_6947	scaffold_6975	scaffold_7005	scaffold_7042	scaffold_7240	scaffold_7300	scaffold_7322	scaffold_7371	scaffold_7551	scaffold_7592	scaffold_7625	scaffold_7720	scaffold_7730	scaffold_7744	scaffold_7969	scaffold_8090	scaffold_8180	scaffold_8224	scaffold_8247	scaffold_8269	scaffold_8323	scaffold_8494	scaffold_8560	scaffold_8589	scaffold_8677	scaffold_8715	scaffold_8796	scaffold_8975	scaffold_9025	scaffold_9042	scaffold_9200	scaffold_9266	scaffold_9322	scaffold_9431	scaffold_9520	scaffold_9570	scaffold_9637	scaffold_9708	scaffold_9735	scaffold_9818	scaffold_9899	scaffold_10044	scaffold_10397	scaffold_10571	scaffold_10578	scaffold_10627	scaffold_10642	scaffold_10677	scaffold_10694	scaffold_11003	scaffold_11022	scaffold_11191	scaffold_11458	scaffold_11480	scaffold_11486	scaffold_11628	scaffold_11846	scaffold_11929	scaffold_11982	scaffold_12222	scaffold_12254	scaffold_12648	scaffold_12920	scaffold_12934	scaffold_13036	scaffold_13100	scaffold_13385	scaffold_13775	scaffold_14129	scaffold_14399	scaffold_14610	scaffold_14743	scaffold_14954	scaffold_15172	scaffold_15199	scaffold_15488	scaffold_15756	scaffold_16041	scaffold_16065	scaffold_16515	scaffold_16640	scaffold_16733	scaffold_17101	scaffold_17405	scaffold_17480	scaffold_17673
Lachnospiraceae_bacterium_3-2_gi_510892973_ref_NZ_	scaffold_5444	scaffold_11515
Lachnospiraceae_bacterium_3-2_gi_510891391_ref_NZ_	scaffold_2269	scaffold_2578	scaffold_2580	scaffold_2612	scaffold_3189	scaffold_3613	scaffold_3623	scaffold_3792	scaffold_3828	scaffold_5203	scaffold_5229	scaffold_5256	scaffold_5757	scaffold_6265	scaffold_6309	scaffold_6351	scaffold_7325	scaffold_7836	scaffold_7990	scaffold_8147	scaffold_8292	scaffold_8577	scaffold_8850	scaffold_9067	scaffold_9133	scaffold_9866	scaffold_10120	scaffold_11362	scaffold_11672	scaffold_11691	scaffold_11827	scaffold_12063	scaffold_12566	scaffold_13129	scaffold_13384	scaffold_13392	scaffold_13449	scaffold_15165	scaffold_15793	scaffold_15935	scaffold_15979	scaffold_16484
Lachnospiraceae_bacterium_3-2_gi_510891737_ref_NZ_	scaffold_14619
Lachnospiraceae_bacterium_3-2_gi_510891300_ref_NZ_	scaffold_4147	scaffold_5904	scaffold_6173	scaffold_6977	scaffold_6990	scaffold_10813	scaffold_11076	scaffold_12407	scaffold_16225	scaffold_17201
Lachnospiraceae_bacterium_3-2_gi_510889797_ref_NZ_	scaffold_3584	scaffold_1873	scaffold_3163	scaffold_2552	scaffold_2709	scaffold_2923	scaffold_3075	scaffold_3470	scaffold_4046	scaffold_5184	scaffold_5583	scaffold_5697	scaffold_5744	scaffold_5781	scaffold_6042	scaffold_7122	scaffold_7208	scaffold_7885	scaffold_8210	scaffold_8321	scaffold_8378	scaffold_9087	scaffold_9214	scaffold_9318	scaffold_9318	scaffold_9941	scaffold_10624	scaffold_10953	scaffold_11198	scaffold_12535	scaffold_12536	scaffold_14261	scaffold_14590	scaffold_15779	scaffold_15876	scaffold_17018
Lachnospiraceae_bacterium_3-2_gi_510889431_ref_NZ_	scaffold_11448	scaffold_6308	scaffold_2790	scaffold_1302	scaffold_1656	scaffold_1867	scaffold_1896	scaffold_1941	scaffold_2400	scaffold_2431	scaffold_2440	scaffold_2463	scaffold_2715	scaffold_2734	scaffold_2828	scaffold_2881	scaffold_2999	scaffold_3034	scaffold_3154	scaffold_3224	scaffold_3245	scaffold_3444	scaffold_3669	scaffold_3675	scaffold_3681	scaffold_3722	scaffold_3725	scaffold_3752	scaffold_3774	scaffold_3832	scaffold_3869	scaffold_3973	scaffold_3981	scaffold_4003	scaffold_4169	scaffold_4410	scaffold_4461	scaffold_4481	scaffold_4518	scaffold_4591	scaffold_4669	scaffold_4706	scaffold_4729	scaffold_4788	scaffold_4789	scaffold_4855	scaffold_4935	scaffold_5138	scaffold_5211	scaffold_5241	scaffold_5243	scaffold_5268	scaffold_5373	scaffold_5397	scaffold_5502	scaffold_5609	scaffold_5633	scaffold_5678	scaffold_5788	scaffold_5827	scaffold_5903	scaffold_5908	scaffold_6196	scaffold_6295	scaffold_6318	scaffold_6372	scaffold_6424	scaffold_6480	scaffold_6503	scaffold_6558	scaffold_6678	scaffold_6822	scaffold_6892	scaffold_7019	scaffold_7029	scaffold_7259	scaffold_7280	scaffold_7358	scaffold_7833	scaffold_7890	scaffold_8108	scaffold_8201	scaffold_8352	scaffold_8432	scaffold_8587	scaffold_8590	scaffold_8632	scaffold_8683	scaffold_8802	scaffold_8822	scaffold_8859	scaffold_8882	scaffold_9342	scaffold_9408	scaffold_9740	scaffold_9750	scaffold_9755	scaffold_10124	scaffold_10133	scaffold_10196	scaffold_10318	scaffold_10463	scaffold_10583	scaffold_10775	scaffold_10781	scaffold_10825	scaffold_11012	scaffold_11304	scaffold_11323	scaffold_11335	scaffold_11367	scaffold_11454	scaffold_11575	scaffold_11951	scaffold_11992	scaffold_12135	scaffold_12202	scaffold_12310	scaffold_12567	scaffold_12606	scaffold_12789	scaffold_13011	scaffold_13145	scaffold_13196	scaffold_13317	scaffold_13349	scaffold_14080	scaffold_14304	scaffold_14373	scaffold_14481	scaffold_14615	scaffold_14694	scaffold_14898	scaffold_15136	scaffold_15261	scaffold_15473	scaffold_15651	scaffold_15832	scaffold_16092	scaffold_16290	scaffold_16449	scaffold_16597	scaffold_17038	scaffold_17063
Lachnospiraceae_bacterium_3-2_gi_510892688_ref_NZ_	scaffold_2400	scaffold_634	scaffold_799	scaffold_1502	scaffold_1571	scaffold_1580	scaffold_1895	scaffold_2045	scaffold_2117	scaffold_2190	scaffold_2418	scaffold_2626	scaffold_2652	scaffold_2692	scaffold_2698	scaffold_2723	scaffold_2871	scaffold_2948	scaffold_3137	scaffold_3185	scaffold_3345	scaffold_3427	scaffold_3508	scaffold_3915	scaffold_3939	scaffold_4086	scaffold_4288	scaffold_4377	scaffold_4816	scaffold_5004	scaffold_5133	scaffold_5134	scaffold_5231	scaffold_5302	scaffold_5367	scaffold_5473	scaffold_5580	scaffold_5746	scaffold_5780	scaffold_5875	scaffold_5918	scaffold_5959	scaffold_6026	scaffold_6183	scaffold_6347	scaffold_6354	scaffold_6455	scaffold_6555	scaffold_6700	scaffold_6748	scaffold_6777	scaffold_6921	scaffold_7058	scaffold_7076	scaffold_7105	scaffold_7153	scaffold_7306	scaffold_7336	scaffold_7369	scaffold_7401	scaffold_7545	scaffold_7571	scaffold_7701	scaffold_8197	scaffold_8379	scaffold_8586	scaffold_8647	scaffold_8901	scaffold_8935	scaffold_9049	scaffold_9082	scaffold_9160	scaffold_9175	scaffold_9366	scaffold_9470	scaffold_9483	scaffold_9928	scaffold_10072	scaffold_10234	scaffold_10602	scaffold_10662	scaffold_10910	scaffold_10935	scaffold_11325	scaffold_11363	scaffold_11522	scaffold_11738	scaffold_11944	scaffold_12119	scaffold_12324	scaffold_12433	scaffold_12663	scaffold_12809	scaffold_13180	scaffold_13185	scaffold_13204	scaffold_13343	scaffold_13375	scaffold_13386	scaffold_13681	scaffold_14307	scaffold_14699	scaffold_14771	scaffold_14779	scaffold_15086	scaffold_15482	scaffold_15628	scaffold_16011	scaffold_16312	scaffold_16699	scaffold_16771	scaffold_17019	scaffold_17431
Lachnospiraceae_bacterium_3-2_gi_510891745_ref_NZ_	scaffold_5629	scaffold_14619
Lachnospiraceae_bacterium_3-2_gi_510890590_ref_NZ_	scaffold_10483
Lachnospiraceae_bacterium_3-2_gi_510891767_ref_NZ_	scaffold_5629	scaffold_12624	scaffold_13503
Lachnospiraceae_bacterium_3-2_gi_510891757_ref_NZ_	scaffold_10244
Lachnospiraceae_bacterium_3-2_gi_510893056_ref_NZ_	scaffold_1873	scaffold_11338	scaffold_13883
Lachnospiraceae_bacterium_3-2_gi_510890815_ref_NZ_	scaffold_6526
Lachnospiraceae_bacterium_3-2_gi_510892977_ref_NZ_	scaffold_5069
Lachnospiraceae_bacterium_3-2_gi_510891281_ref_NZ_	scaffold_4174	scaffold_2631	scaffold_2779	scaffold_3342	scaffold_3493	scaffold_3695	scaffold_3992	scaffold_4053	scaffold_4253	scaffold_4992	scaffold_5202	scaffold_5905	scaffold_6284	scaffold_6943	scaffold_7027	scaffold_7087	scaffold_7329	scaffold_7442	scaffold_8018	scaffold_8126	scaffold_8485	scaffold_9561	scaffold_10193	scaffold_10622	scaffold_10683	scaffold_10938	scaffold_12313	scaffold_12771	scaffold_12778	scaffold_14907	scaffold_15866
