S1	E1	S2	E2	Reference	Contig	IDY	Ambiguous	Best_group
1067232	1067742	1	511	gi_48994873_gb_U00096.2__Escherichia_coli_str._K-12_substr._MG1655__complete_genome	1499_length_511_cvg_59.0_tip_1	100.0		True
CONTIG	1499_length_511_cvg_59.0_tip_1	511	correct
2727624	2728141	1	518	gi_48994873_gb_U00096.2__Escherichia_coli_str._K-12_substr._MG1655__complete_genome	1501_length_518_cvg_77.9_tip_0	100.0		True
CONTIG	1501_length_518_cvg_77.9_tip_0	518	correct
3763856	3764400	545	1	gi_48994873_gb_U00096.2__Escherichia_coli_str._K-12_substr._MG1655__complete_genome	1503_length_545_cvg_63.0_tip_0	100.0		True
CONTIG	1503_length_545_cvg_63.0_tip_0	545	correct
1429799	1430352	1	554	gi_48994873_gb_U00096.2__Escherichia_coli_str._K-12_substr._MG1655__complete_genome	1505_length_554_cvg_63.0_tip_0	100.0		True
CONTIG	1505_length_554_cvg_63.0_tip_0	554	correct
4360072	4360628	1	557	gi_48994873_gb_U00096.2__Escherichia_coli_str._K-12_substr._MG1655__complete_genome	1507_length_557_cvg_63.0_tip_0	100.0		True
CONTIG	1507_length_557_cvg_63.0_tip_0	557	correct
1632992	1633584	593	1	gi_48994873_gb_U00096.2__Escherichia_coli_str._K-12_substr._MG1655__complete_genome	1509_length_593_cvg_62.0_tip_0	100.0		True
CONTIG	1509_length_593_cvg_62.0_tip_0	593	correct
224044	224673	1	630	gi_48994873_gb_U00096.2__Escherichia_coli_str._K-12_substr._MG1655__complete_genome	1511_length_630_cvg_66.9_tip_0	100.0		True
CONTIG	1511_length_630_cvg_66.9_tip_0	630	correct
227631	228282	652	1	gi_48994873_gb_U00096.2__Escherichia_coli_str._K-12_substr._MG1655__complete_genome	1513_length_652_cvg_96.2_tip_0	100.0		True
CONTIG	1513_length_652_cvg_96.2_tip_0	652	correct
380484	381163	680	1	gi_48994873_gb_U00096.2__Escherichia_coli_str._K-12_substr._MG1655__complete_genome	1515_length_680_cvg_72.2_tip_0	100.0		True
CONTIG	1515_length_680_cvg_72.2_tip_0	680	correct
3764616	3765297	1	682	gi_48994873_gb_U00096.2__Escherichia_coli_str._K-12_substr._MG1655__complete_genome	1517_length_682_cvg_63.0_tip_0	100.0		True
CONTIG	1517_length_682_cvg_63.0_tip_0	682	correct
1207013	1207799	787	1	gi_48994873_gb_U00096.2__Escherichia_coli_str._K-12_substr._MG1655__complete_genome	1519_length_787_cvg_63.0_tip_0	100.0		True
CONTIG	1519_length_787_cvg_63.0_tip_0	787	correct
3617368	3618167	800	1	gi_48994873_gb_U00096.2__Escherichia_coli_str._K-12_substr._MG1655__complete_genome	1521_length_800_cvg_64.4_tip_0	100.0		True
CONTIG	1521_length_800_cvg_64.4_tip_0	800	correct
524954	525944	1	991	gi_48994873_gb_U00096.2__Escherichia_coli_str._K-12_substr._MG1655__complete_genome	1523_length_991_cvg_79.6_tip_0	100.0		True
CONTIG	1523_length_991_cvg_79.6_tip_0	991	correct
732422	733425	1	1004	gi_48994873_gb_U00096.2__Escherichia_coli_str._K-12_substr._MG1655__complete_genome	1525_length_1004_cvg_63.0_tip_0	100.0		True
CONTIG	1525_length_1004_cvg_63.0_tip_0	1004	correct
3468186	3469216	1	1031	gi_48994873_gb_U00096.2__Escherichia_coli_str._K-12_substr._MG1655__complete_genome	1527_length_1031_cvg_67.6_tip_0	99.9		True
CONTIG	1527_length_1031_cvg_67.6_tip_0	1031	correct
1207771	1208841	1	1071	gi_48994873_gb_U00096.2__Escherichia_coli_str._K-12_substr._MG1655__complete_genome	1529_length_1071_cvg_63.0_tip_0	100.0		True
CONTIG	1529_length_1071_cvg_63.0_tip_0	1071	correct
1467320	1468414	1095	1	gi_48994873_gb_U00096.2__Escherichia_coli_str._K-12_substr._MG1655__complete_genome	1531_length_1095_cvg_70.8_tip_0	100.0		True
CONTIG	1531_length_1095_cvg_70.8_tip_0	1095	correct
3620831	3621950	1120	1	gi_48994873_gb_U00096.2__Escherichia_coli_str._K-12_substr._MG1655__complete_genome	1533_length_1120_cvg_63.0_tip_0	100.0		True
CONTIG	1533_length_1120_cvg_63.0_tip_0	1120	correct
3664228	3665360	1	1133	gi_48994873_gb_U00096.2__Escherichia_coli_str._K-12_substr._MG1655__complete_genome	1535_length_1133_cvg_84.6_tip_0	99.91		True
CONTIG	1535_length_1133_cvg_84.6_tip_0	1133	correct
1464825	1465987	1163	1	gi_48994873_gb_U00096.2__Escherichia_coli_str._K-12_substr._MG1655__complete_genome	1537_length_1163_cvg_63.0_tip_0	100.0		True
CONTIG	1537_length_1163_cvg_63.0_tip_0	1163	correct
314453	315707	1	1255	gi_48994873_gb_U00096.2__Escherichia_coli_str._K-12_substr._MG1655__complete_genome	1539_length_1255_cvg_71.3_tip_0	100.0		True
CONTIG	1539_length_1255_cvg_71.3_tip_0	1255	correct
262127	263446	1320	1	gi_48994873_gb_U00096.2__Escherichia_coli_str._K-12_substr._MG1655__complete_genome	1541_length_1320_cvg_63.0_tip_0	100.0		True
CONTIG	1541_length_1320_cvg_63.0_tip_0	1320	correct
734327	735660	1334	1	gi_48994873_gb_U00096.2__Escherichia_coli_str._K-12_substr._MG1655__complete_genome	1543_length_1334_cvg_66.2_tip_0	100.0		True
CONTIG	1543_length_1334_cvg_66.2_tip_0	1334	correct
15387	16731	1345	1	gi_48994873_gb_U00096.2__Escherichia_coli_str._K-12_substr._MG1655__complete_genome	1545_length_1345_cvg_63.0_tip_0	100.0		True
CONTIG	1545_length_1345_cvg_63.0_tip_0	1345	correct
2774924	2776490	1567	1	gi_48994873_gb_U00096.2__Escherichia_coli_str._K-12_substr._MG1655__complete_genome	1547_length_1567_cvg_62.0_tip_0	100.0		True
CONTIG	1547_length_1567_cvg_62.0_tip_0	1567	correct
1094672	1096238	1567	1	gi_48994873_gb_U00096.2__Escherichia_coli_str._K-12_substr._MG1655__complete_genome	1549_length_1567_cvg_62.0_tip_0	100.0		True
CONTIG	1549_length_1567_cvg_62.0_tip_0	1567	correct
267865	269495	1631	1	gi_48994873_gb_U00096.2__Escherichia_coli_str._K-12_substr._MG1655__complete_genome	1551_length_1631_cvg_63.0_tip_0	100.0		True
CONTIG	1551_length_1631_cvg_63.0_tip_0	1631	correct
1430712	1432370	1	1659	gi_48994873_gb_U00096.2__Escherichia_coli_str._K-12_substr._MG1655__complete_genome	1553_length_1659_cvg_83.3_tip_0	99.88		True
CONTIG	1553_length_1659_cvg_83.3_tip_0	1659	correct
4390629	4392311	1683	1	gi_48994873_gb_U00096.2__Escherichia_coli_str._K-12_substr._MG1655__complete_genome	1555_length_1683_cvg_62.0_tip_1	100.0		True
CONTIG	1555_length_1683_cvg_62.0_tip_1	1683	correct
2065269	2067018	1	1750	gi_48994873_gb_U00096.2__Escherichia_coli_str._K-12_substr._MG1655__complete_genome	1557_length_1750_cvg_63.0_tip_0	100.0		True
CONTIG	1557_length_1750_cvg_63.0_tip_0	1750	correct
2300718	2302476	1759	1	gi_48994873_gb_U00096.2__Escherichia_coli_str._K-12_substr._MG1655__complete_genome	1559_length_1759_cvg_62.3_tip_1	100.0		True
CONTIG	1559_length_1759_cvg_62.3_tip_1	1759	correct
2056078	2057924	1	1847	gi_48994873_gb_U00096.2__Escherichia_coli_str._K-12_substr._MG1655__complete_genome	1561_length_1847_cvg_63.0_tip_0	100.0		True
CONTIG	1561_length_1847_cvg_63.0_tip_0	1847	correct
577595	579586	1992	1	gi_48994873_gb_U00096.2__Escherichia_coli_str._K-12_substr._MG1655__complete_genome	1563_length_1992_cvg_63.0_tip_0	100.0		True
CONTIG	1563_length_1992_cvg_63.0_tip_0	1992	correct
374495	376653	2159	1	gi_48994873_gb_U00096.2__Escherichia_coli_str._K-12_substr._MG1655__complete_genome	1565_length_2159_cvg_62.0_tip_0	100.0		True
CONTIG	1565_length_2159_cvg_62.0_tip_0	2159	correct
236958	239175	2218	1	gi_48994873_gb_U00096.2__Escherichia_coli_str._K-12_substr._MG1655__complete_genome	1567_length_2218_cvg_64.1_tip_0	100.0		True
CONTIG	1567_length_2218_cvg_64.1_tip_0	2218	correct
270931	273233	1	2303	gi_48994873_gb_U00096.2__Escherichia_coli_str._K-12_substr._MG1655__complete_genome	1569_length_2303_cvg_62.0_tip_0	100.0		True
CONTIG	1569_length_2303_cvg_62.0_tip_0	2303	correct
2057901	2060321	2421	1	gi_48994873_gb_U00096.2__Escherichia_coli_str._K-12_substr._MG1655__complete_genome	1571_length_2421_cvg_63.0_tip_0	100.0		True
CONTIG	1571_length_2421_cvg_63.0_tip_0	2421	correct
2513586	2516112	1	2527	gi_48994873_gb_U00096.2__Escherichia_coli_str._K-12_substr._MG1655__complete_genome	1573_length_2527_cvg_62.0_tip_0	100.0		True
CONTIG	1573_length_2527_cvg_62.0_tip_0	2527	correct
4080714	4083247	1	2534	gi_48994873_gb_U00096.2__Escherichia_coli_str._K-12_substr._MG1655__complete_genome	1575_length_2534_cvg_62.0_tip_1	100.0		True
CONTIG	1575_length_2534_cvg_62.0_tip_1	2534	correct
574959	577543	2585	1	gi_48994873_gb_U00096.2__Escherichia_coli_str._K-12_substr._MG1655__complete_genome	1577_length_2585_cvg_63.0_tip_0	100.0		True
CONTIG	1577_length_2585_cvg_63.0_tip_0	2585	correct
1527144	1529789	1	2646	gi_48994873_gb_U00096.2__Escherichia_coli_str._K-12_substr._MG1655__complete_genome	1579_length_2646_cvg_64.7_tip_0	100.0		True
CONTIG	1579_length_2646_cvg_64.7_tip_0	2646	correct
4078015	4080712	1	2698	gi_48994873_gb_U00096.2__Escherichia_coli_str._K-12_substr._MG1655__complete_genome	1581_length_2700_cvg_62.0_tip_1	100.0		True
CONTIG	1581_length_2700_cvg_62.0_tip_1	2700	correct
2516199	2519007	2809	1	gi_48994873_gb_U00096.2__Escherichia_coli_str._K-12_substr._MG1655__complete_genome	1583_length_2809_cvg_63.0_tip_0	100.0		True
CONTIG	1583_length_2809_cvg_63.0_tip_0	2809	correct
16678	19850	1	3173	gi_48994873_gb_U00096.2__Escherichia_coli_str._K-12_substr._MG1655__complete_genome	1585_length_3173_cvg_61.9_tip_0	100.0		True
CONTIG	1585_length_3173_cvg_61.9_tip_0	3173	correct
1426240	1429848	3609	1	gi_48994873_gb_U00096.2__Escherichia_coli_str._K-12_substr._MG1655__complete_genome	1587_length_3609_cvg_61.0_tip_0	100.0		True
CONTIG	1587_length_3609_cvg_61.0_tip_0	3609	correct
3646346	3650107	3762	1	gi_48994873_gb_U00096.2__Escherichia_coli_str._K-12_substr._MG1655__complete_genome	1589_length_3762_cvg_63.0_tip_0	100.0		True
CONTIG	1589_length_3762_cvg_63.0_tip_0	3762	correct
376717	380536	1	3820	gi_48994873_gb_U00096.2__Escherichia_coli_str._K-12_substr._MG1655__complete_genome	1591_length_3820_cvg_62.0_tip_0	100.0		True
CONTIG	1591_length_3820_cvg_62.0_tip_0	3820	correct
2060310	2064254	3945	1	gi_48994873_gb_U00096.2__Escherichia_coli_str._K-12_substr._MG1655__complete_genome	1593_length_3945_cvg_62.0_tip_0	100.0		True
CONTIG	1593_length_3945_cvg_62.0_tip_0	3945	correct
1546023	1550113	4091	1	gi_48994873_gb_U00096.2__Escherichia_coli_str._K-12_substr._MG1655__complete_genome	1595_length_4091_cvg_63.0_tip_0	100.0		True
CONTIG	1595_length_4091_cvg_63.0_tip_0	4091	correct
274319	278440	1	4122	gi_48994873_gb_U00096.2__Escherichia_coli_str._K-12_substr._MG1655__complete_genome	1597_length_4122_cvg_62.0_tip_0	100.0		True
CONTIG	1597_length_4122_cvg_62.0_tip_0	4122	correct
4169934	4174156	1	4223	gi_48994873_gb_U00096.2__Escherichia_coli_str._K-12_substr._MG1655__complete_genome	1599_length_4223_cvg_63.0_tip_0	100.0		True
CONTIG	1599_length_4223_cvg_63.0_tip_0	4223	correct
257900	262176	4277	1	gi_48994873_gb_U00096.2__Escherichia_coli_str._K-12_substr._MG1655__complete_genome	1601_length_4331_cvg_62.0_tip_0	100.0		True
CONTIG	1601_length_4331_cvg_62.0_tip_0	4331	correct
263500	267919	1	4420	gi_48994873_gb_U00096.2__Escherichia_coli_str._K-12_substr._MG1655__complete_genome	1603_length_4420_cvg_63.0_tip_0	100.0		True
CONTIG	1603_length_4420_cvg_63.0_tip_0	4420	correct
1421469	1425898	1	4430	gi_48994873_gb_U00096.2__Escherichia_coli_str._K-12_substr._MG1655__complete_genome	1605_length_4430_cvg_63.0_tip_0	100.0		True
CONTIG	1605_length_4430_cvg_63.0_tip_0	4430	correct
3103335	3108424	1	5090	gi_48994873_gb_U00096.2__Escherichia_coli_str._K-12_substr._MG1655__complete_genome	1607_length_5090_cvg_62.0_tip_1	100.0		True
CONTIG	1607_length_5090_cvg_62.0_tip_1	5090	correct
290573	296484	5912	1	gi_48994873_gb_U00096.2__Escherichia_coli_str._K-12_substr._MG1655__complete_genome	1609_length_5912_cvg_62.0_tip_0	100.0		True
CONTIG	1609_length_5912_cvg_62.0_tip_0	5912	correct
1624328	1630638	1	6311	gi_48994873_gb_U00096.2__Escherichia_coli_str._K-12_substr._MG1655__complete_genome	1611_length_6311_cvg_62.0_tip_1	100.0		True
CONTIG	1611_length_6311_cvg_62.0_tip_1	6311	correct
567204	573863	1	6660	gi_48994873_gb_U00096.2__Escherichia_coli_str._K-12_substr._MG1655__complete_genome	1613_length_6660_cvg_63.0_tip_0	100.0		True
CONTIG	1613_length_6660_cvg_63.0_tip_0	6660	correct
2776436	2783848	7413	1	gi_48994873_gb_U00096.2__Escherichia_coli_str._K-12_substr._MG1655__complete_genome	1615_length_7413_cvg_62.4_tip_0	100.0		True
CONTIG	1615_length_7413_cvg_62.4_tip_0	7413	correct
688220	695707	7488	1	gi_48994873_gb_U00096.2__Escherichia_coli_str._K-12_substr._MG1655__complete_genome	1617_length_7488_cvg_63.0_tip_0	100.0		True
CONTIG	1617_length_7488_cvg_63.0_tip_0	7488	correct
138773	146296	7524	1	gi_48994873_gb_U00096.2__Escherichia_coli_str._K-12_substr._MG1655__complete_genome	1619_length_7524_cvg_62.0_tip_1	100.0		True
CONTIG	1619_length_7524_cvg_62.0_tip_1	7524	correct
349095	356754	1	7660	gi_48994873_gb_U00096.2__Escherichia_coli_str._K-12_substr._MG1655__complete_genome	1621_length_7660_cvg_62.0_tip_0	100.0		True
CONTIG	1621_length_7660_cvg_62.0_tip_0	7660	correct
4497495	4505213	1	7719	gi_48994873_gb_U00096.2__Escherichia_coli_str._K-12_substr._MG1655__complete_genome	1623_length_7719_cvg_63.0_tip_0	100.0		True
CONTIG	1623_length_7719_cvg_63.0_tip_0	7719	correct
4025502	4033242	1	7741	gi_48994873_gb_U00096.2__Escherichia_coli_str._K-12_substr._MG1655__complete_genome	1625_length_7741_cvg_62.0_tip_0	100.0		True
CONTIG	1625_length_7741_cvg_62.0_tip_0	7741	correct
4604378	4612332	1	7955	gi_48994873_gb_U00096.2__Escherichia_coli_str._K-12_substr._MG1655__complete_genome	1627_length_7955_cvg_62.0_tip_0	100.0		True
CONTIG	1627_length_7955_cvg_62.0_tip_0	7955	correct
2758054	2766026	1	7973	gi_48994873_gb_U00096.2__Escherichia_coli_str._K-12_substr._MG1655__complete_genome	1629_length_7973_cvg_62.0_tip_0	100.0		True
CONTIG	1629_length_7973_cvg_62.0_tip_0	7973	correct
228955	236985	8031	1	gi_48994873_gb_U00096.2__Escherichia_coli_str._K-12_substr._MG1655__complete_genome	1631_length_8031_cvg_63.0_tip_0	100.0		True
CONTIG	1631_length_8031_cvg_63.0_tip_0	8031	correct
1518102	1526262	8161	1	gi_48994873_gb_U00096.2__Escherichia_coli_str._K-12_substr._MG1655__complete_genome	1633_length_8161_cvg_62.0_tip_1	100.0		True
CONTIG	1633_length_8161_cvg_62.0_tip_1	8161	correct
3698228	3706436	1	8209	gi_48994873_gb_U00096.2__Escherichia_coli_str._K-12_substr._MG1655__complete_genome	1635_length_8209_cvg_62.0_tip_0	100.0		True
CONTIG	1635_length_8209_cvg_62.0_tip_0	8209	correct
3229460	3237687	1	8228	gi_48994873_gb_U00096.2__Escherichia_coli_str._K-12_substr._MG1655__complete_genome	1637_length_8228_cvg_62.0_tip_1	100.0		True
CONTIG	1637_length_8228_cvg_62.0_tip_1	8228	correct
3765544	3774041	1	8498	gi_48994873_gb_U00096.2__Escherichia_coli_str._K-12_substr._MG1655__complete_genome	1639_length_8498_cvg_62.0_tip_1	100.0		True
CONTIG	1639_length_8498_cvg_62.0_tip_1	8498	correct
2765972	2774870	1	8899	gi_48994873_gb_U00096.2__Escherichia_coli_str._K-12_substr._MG1655__complete_genome	1641_length_8899_cvg_62.0_tip_0	100.0		True
CONTIG	1641_length_8899_cvg_62.0_tip_0	8899	correct
4083209	4092414	9206	1	gi_48994873_gb_U00096.2__Escherichia_coli_str._K-12_substr._MG1655__complete_genome	1643_length_9206_cvg_62.0_tip_0	100.0		True
CONTIG	1643_length_9206_cvg_62.0_tip_0	9206	correct
381762	390986	9225	1	gi_48994873_gb_U00096.2__Escherichia_coli_str._K-12_substr._MG1655__complete_genome	1645_length_9225_cvg_62.0_tip_0	100.0		True
CONTIG	1645_length_9225_cvg_62.0_tip_0	9225	correct
339241	348865	9625	1	gi_48994873_gb_U00096.2__Escherichia_coli_str._K-12_substr._MG1655__complete_genome	1647_length_9625_cvg_62.0_tip_0	100.0		True
CONTIG	1647_length_9625_cvg_62.0_tip_0	9625	correct
4324307	4334171	1	9865	gi_48994873_gb_U00096.2__Escherichia_coli_str._K-12_substr._MG1655__complete_genome	1649_length_9865_cvg_62.0_tip_1	100.0		True
CONTIG	1649_length_9865_cvg_62.0_tip_1	9865	correct
555861	566048	10188	1	gi_48994873_gb_U00096.2__Escherichia_coli_str._K-12_substr._MG1655__complete_genome	1651_length_10188_cvg_62.0_tip_1	100.0		True
CONTIG	1651_length_10188_cvg_62.0_tip_1	10188	correct
279282	289719	1	10438	gi_48994873_gb_U00096.2__Escherichia_coli_str._K-12_substr._MG1655__complete_genome	1653_length_10438_cvg_61.0_tip_0	100.0		True
CONTIG	1653_length_10438_cvg_61.0_tip_0	10438	correct
4283349	4293912	1	10564	gi_48994873_gb_U00096.2__Escherichia_coli_str._K-12_substr._MG1655__complete_genome	1655_length_10564_cvg_62.0_tip_0	100.0		True
CONTIG	1655_length_10564_cvg_62.0_tip_0	10564	correct
914415	925134	1	10720	gi_48994873_gb_U00096.2__Escherichia_coli_str._K-12_substr._MG1655__complete_genome	1657_length_10720_cvg_62.0_tip_0	100.0		True
CONTIG	1657_length_10720_cvg_62.0_tip_0	10720	correct
596274	607284	11011	1	gi_48994873_gb_U00096.2__Escherichia_coli_str._K-12_substr._MG1655__complete_genome	1659_length_11011_cvg_62.0_tip_0	100.0		True
CONTIG	1659_length_11011_cvg_62.0_tip_0	11011	correct
1409923	1421417	11495	1	gi_48994873_gb_U00096.2__Escherichia_coli_str._K-12_substr._MG1655__complete_genome	1661_length_11495_cvg_63.0_tip_0	100.0		True
CONTIG	1661_length_11495_cvg_63.0_tip_0	11495	correct
3256073	3267797	11725	1	gi_48994873_gb_U00096.2__Escherichia_coli_str._K-12_substr._MG1655__complete_genome	1663_length_11725_cvg_62.0_tip_0	100.0		True
CONTIG	1663_length_11725_cvg_62.0_tip_0	11725	correct
1286792	1298721	11980	51	gi_48994873_gb_U00096.2__Escherichia_coli_str._K-12_substr._MG1655__complete_genome	1665_length_11980_cvg_62.0_tip_0	100.0		True
CONTIG	1665_length_11980_cvg_62.0_tip_0	11980	correct
2288081	2300720	1	12640	gi_48994873_gb_U00096.2__Escherichia_coli_str._K-12_substr._MG1655__complete_genome	1667_length_12640_cvg_62.0_tip_1	100.0		True
CONTIG	1667_length_12640_cvg_62.0_tip_1	12640	correct
4151640	4164376	12737	1	gi_48994873_gb_U00096.2__Escherichia_coli_str._K-12_substr._MG1655__complete_genome	1669_length_12737_cvg_62.6_tip_0	100.0		True
CONTIG	1669_length_12737_cvg_62.6_tip_0	12737	correct
1977241	1990120	12880	1	gi_48994873_gb_U00096.2__Escherichia_coli_str._K-12_substr._MG1655__complete_genome	1671_length_12880_cvg_62.0_tip_0	100.0		True
CONTIG	1671_length_12880_cvg_62.0_tip_0	12880	correct
3651205	3664282	1	13078	gi_48994873_gb_U00096.2__Escherichia_coli_str._K-12_substr._MG1655__complete_genome	1673_length_13078_cvg_62.2_tip_0	100.0		True
CONTIG	1673_length_13078_cvg_62.2_tip_0	13078	correct
4377003	4390437	13435	1	gi_48994873_gb_U00096.2__Escherichia_coli_str._K-12_substr._MG1655__complete_genome	1675_length_13435_cvg_62.0_tip_1	100.0		True
CONTIG	1675_length_13435_cvg_62.0_tip_1	13435	correct
2042599	2056101	1	13503	gi_48994873_gb_U00096.2__Escherichia_coli_str._K-12_substr._MG1655__complete_genome	1677_length_13503_cvg_62.0_tip_0	100.0		True
CONTIG	1677_length_13503_cvg_62.0_tip_0	13503	correct
2783799	2797663	13865	1	gi_48994873_gb_U00096.2__Escherichia_coli_str._K-12_substr._MG1655__complete_genome	1679_length_13865_cvg_62.0_tip_1	100.0		True
CONTIG	1679_length_13865_cvg_62.0_tip_1	13865	correct
1208826	1222851	14026	1	gi_48994873_gb_U00096.2__Escherichia_coli_str._K-12_substr._MG1655__complete_genome	1681_length_14026_cvg_62.0_tip_0	100.0		True
CONTIG	1681_length_14026_cvg_62.0_tip_0	14026	correct
1634862	1648921	1	14060	gi_48994873_gb_U00096.2__Escherichia_coli_str._K-12_substr._MG1655__complete_genome	1683_length_14060_cvg_62.0_tip_0	100.0		True
CONTIG	1683_length_14060_cvg_62.0_tip_0	14060	correct
1395213	1409977	14765	1	gi_48994873_gb_U00096.2__Escherichia_coli_str._K-12_substr._MG1655__complete_genome	1685_length_14765_cvg_62.0_tip_0	100.0		True
CONTIG	1685_length_14765_cvg_62.0_tip_0	14765	correct
1530901	1546061	1	15161	gi_48994873_gb_U00096.2__Escherichia_coli_str._K-12_substr._MG1655__complete_genome	1687_length_15161_cvg_62.0_tip_0	100.0		True
CONTIG	1687_length_15161_cvg_62.0_tip_0	15161	correct
581013	596257	15245	1	gi_48994873_gb_U00096.2__Escherichia_coli_str._K-12_substr._MG1655__complete_genome	1689_length_15245_cvg_62.0_tip_0	100.0		True
CONTIG	1689_length_15245_cvg_62.0_tip_0	15245	correct
4135879	4151427	15549	1	gi_48994873_gb_U00096.2__Escherichia_coli_str._K-12_substr._MG1655__complete_genome	1691_length_15549_cvg_62.0_tip_0	100.0		True
CONTIG	1691_length_15549_cvg_62.0_tip_0	15549	correct
3213631	3229514	1	15884	gi_48994873_gb_U00096.2__Escherichia_coli_str._K-12_substr._MG1655__complete_genome	1693_length_15884_cvg_62.0_tip_0	100.0		True
CONTIG	1693_length_15884_cvg_62.0_tip_0	15884	correct
207480	223519	16040	1	gi_48994873_gb_U00096.2__Escherichia_coli_str._K-12_substr._MG1655__complete_genome	1695_length_16040_cvg_62.0_tip_1	100.0		True
CONTIG	1695_length_16040_cvg_62.0_tip_1	16040	correct
1269663	1285985	16323	1	gi_48994873_gb_U00096.2__Escherichia_coli_str._K-12_substr._MG1655__complete_genome	1697_length_16323_cvg_62.0_tip_0	100.0		True
CONTIG	1697_length_16323_cvg_62.0_tip_0	16323	correct
4360613	4376995	1	16383	gi_48994873_gb_U00096.2__Escherichia_coli_str._K-12_substr._MG1655__complete_genome	1699_length_16383_cvg_62.0_tip_1	100.0		True
CONTIG	1699_length_16383_cvg_62.0_tip_1	16383	correct
357115	374195	1	17081	gi_48994873_gb_U00096.2__Escherichia_coli_str._K-12_substr._MG1655__complete_genome	1701_length_17081_cvg_62.0_tip_1	99.99		True
CONTIG	1701_length_17081_cvg_62.0_tip_1	17081	correct
507927	525008	17082	1	gi_48994873_gb_U00096.2__Escherichia_coli_str._K-12_substr._MG1655__complete_genome	1703_length_17082_cvg_62.0_tip_0	100.0		True
CONTIG	1703_length_17082_cvg_62.0_tip_0	17082	correct
2519488	2536593	1	17106	gi_48994873_gb_U00096.2__Escherichia_coli_str._K-12_substr._MG1655__complete_genome	1705_length_17106_cvg_61.9_tip_0	100.0		True
CONTIG	1705_length_17106_cvg_61.9_tip_0	17106	correct
1049718	1067274	1	17557	gi_48994873_gb_U00096.2__Escherichia_coli_str._K-12_substr._MG1655__complete_genome	1707_length_17557_cvg_62.1_tip_1	100.0		True
CONTIG	1707_length_17557_cvg_62.1_tip_1	17557	correct
296435	314507	1	18073	gi_48994873_gb_U00096.2__Escherichia_coli_str._K-12_substr._MG1655__complete_genome	1709_length_18073_cvg_62.1_tip_0	100.0		True
CONTIG	1709_length_18073_cvg_62.1_tip_0	18073	correct
2797648	2815851	1	18204	gi_48994873_gb_U00096.2__Escherichia_coli_str._K-12_substr._MG1655__complete_genome	1711_length_18204_cvg_62.0_tip_1	100.0		True
CONTIG	1711_length_18204_cvg_62.0_tip_1	18204	correct
146284	164594	18311	1	gi_48994873_gb_U00096.2__Escherichia_coli_str._K-12_substr._MG1655__complete_genome	1713_length_18311_cvg_62.0_tip_1	100.0		True
CONTIG	1713_length_18311_cvg_62.0_tip_1	18311	correct
1550337	1568748	18412	1	gi_48994873_gb_U00096.2__Escherichia_coli_str._K-12_substr._MG1655__complete_genome	1715_length_18412_cvg_62.0_tip_0	100.0		True
CONTIG	1715_length_18412_cvg_62.0_tip_0	18412	correct
3237657	3256071	1	18415	gi_48994873_gb_U00096.2__Escherichia_coli_str._K-12_substr._MG1655__complete_genome	1717_length_18415_cvg_62.0_tip_1	100.0		True
CONTIG	1717_length_18415_cvg_62.0_tip_1	18415	correct
2169398	2187895	1	18500	gi_48994873_gb_U00096.2__Escherichia_coli_str._K-12_substr._MG1655__complete_genome	1719_length_18503_cvg_62.0_tip_1	99.99		True
CONTIG	1719_length_18503_cvg_62.0_tip_1	18503	correct
239303	257907	18660	56	gi_48994873_gb_U00096.2__Escherichia_coli_str._K-12_substr._MG1655__complete_genome	1721_length_18660_cvg_61.9_tip_0	100.0		True
CONTIG	1721_length_18660_cvg_61.9_tip_0	18660	correct
3108409	3128217	1	19809	gi_48994873_gb_U00096.2__Escherichia_coli_str._K-12_substr._MG1655__complete_genome	1723_length_19809_cvg_62.0_tip_0	100.0		True
CONTIG	1723_length_19809_cvg_62.0_tip_0	19809	correct
3469162	3489721	20560	1	gi_48994873_gb_U00096.2__Escherichia_coli_str._K-12_substr._MG1655__complete_genome	1725_length_20560_cvg_62.0_tip_1	100.0		True
CONTIG	1725_length_20560_cvg_62.0_tip_1	20560	correct
781013	802603	21591	1	gi_48994873_gb_U00096.2__Escherichia_coli_str._K-12_substr._MG1655__complete_genome	1727_length_21591_cvg_62.0_tip_0	100.0		True
CONTIG	1727_length_21591_cvg_62.0_tip_0	21591	correct
2447215	2469096	1	21882	gi_48994873_gb_U00096.2__Escherichia_coli_str._K-12_substr._MG1655__complete_genome	1729_length_21882_cvg_62.0_tip_1	100.0		True
CONTIG	1729_length_21882_cvg_62.0_tip_1	21882	correct
3623446	3646166	22721	1	gi_48994873_gb_U00096.2__Escherichia_coli_str._K-12_substr._MG1655__complete_genome	1731_length_22721_cvg_62.1_tip_0	100.0		True
CONTIG	1731_length_22721_cvg_62.1_tip_0	22721	correct
315653	339079	1	23427	gi_48994873_gb_U00096.2__Escherichia_coli_str._K-12_substr._MG1655__complete_genome	1733_length_23427_cvg_62.0_tip_0	100.0		True
CONTIG	1733_length_23427_cvg_62.0_tip_0	23427	correct
3268181	3292307	1	24127	gi_48994873_gb_U00096.2__Escherichia_coli_str._K-12_substr._MG1655__complete_genome	1735_length_24127_cvg_62.0_tip_1	100.0		True
CONTIG	1735_length_24127_cvg_62.0_tip_1	24127	correct
3364723	3390246	25524	1	gi_48994873_gb_U00096.2__Escherichia_coli_str._K-12_substr._MG1655__complete_genome	1737_length_25524_cvg_62.0_tip_0	100.0		True
CONTIG	1737_length_25524_cvg_62.0_tip_0	25524	correct
1067706	1093521	25816	1	gi_48994873_gb_U00096.2__Escherichia_coli_str._K-12_substr._MG1655__complete_genome	1739_length_25816_cvg_62.0_tip_1	100.0		True
CONTIG	1739_length_25816_cvg_62.0_tip_1	25816	correct
4334140	4360070	25931	1	gi_48994873_gb_U00096.2__Escherichia_coli_str._K-12_substr._MG1655__complete_genome	1741_length_25931_cvg_62.0_tip_1	100.0		True
CONTIG	1741_length_25931_cvg_62.0_tip_1	25931	correct
4541010	4569108	28099	1	gi_48994873_gb_U00096.2__Escherichia_coli_str._K-12_substr._MG1655__complete_genome	1743_length_28099_cvg_62.0_tip_1	100.0		True
CONTIG	1743_length_28099_cvg_62.0_tip_1	28099	correct
3185395	3213680	1	28286	gi_48994873_gb_U00096.2__Escherichia_coli_str._K-12_substr._MG1655__complete_genome	1745_length_28286_cvg_62.2_tip_0	100.0		True
CONTIG	1745_length_28286_cvg_62.2_tip_0	28286	correct
2729453	2757970	1	28518	gi_48994873_gb_U00096.2__Escherichia_coli_str._K-12_substr._MG1655__complete_genome	1747_length_28518_cvg_62.0_tip_0	100.0		True
CONTIG	1747_length_28518_cvg_62.0_tip_0	28518	correct
4294367	4323919	29555	1	gi_48994873_gb_U00096.2__Escherichia_coli_str._K-12_substr._MG1655__complete_genome	1749_length_29555_cvg_62.0_tip_0	99.99		True
CONTIG	1749_length_29555_cvg_62.0_tip_0	29555	correct
2536546	2566221	29676	1	gi_48994873_gb_U00096.2__Escherichia_coli_str._K-12_substr._MG1655__complete_genome	1751_length_29676_cvg_62.0_tip_0	100.0		True
CONTIG	1751_length_29676_cvg_62.0_tip_0	29676	correct
525890	555873	1	29985	gi_48994873_gb_U00096.2__Escherichia_coli_str._K-12_substr._MG1655__complete_genome	1753_length_29985_cvg_61.9_tip_1	99.99		True
CONTIG	1753_length_29985_cvg_61.9_tip_1	29985	correct
4175078	4205920	1	30843	gi_48994873_gb_U00096.2__Escherichia_coli_str._K-12_substr._MG1655__complete_genome	1755_length_30843_cvg_62.0_tip_0	100.0		True
CONTIG	1755_length_30843_cvg_62.0_tip_0	30843	correct
3390331	3421503	1	31173	gi_48994873_gb_U00096.2__Escherichia_coli_str._K-12_substr._MG1655__complete_genome	1757_length_31173_cvg_62.0_tip_0	100.0		True
CONTIG	1757_length_31173_cvg_62.0_tip_0	31173	correct
1432954	1464220	1	31267	gi_48994873_gb_U00096.2__Escherichia_coli_str._K-12_substr._MG1655__complete_genome	1759_length_31267_cvg_62.0_tip_0	100.0		True
CONTIG	1759_length_31267_cvg_62.0_tip_0	31267	correct
2068243	2099824	1	31582	gi_48994873_gb_U00096.2__Escherichia_coli_str._K-12_substr._MG1655__complete_genome	1761_length_31582_cvg_62.0_tip_0	100.0		True
CONTIG	1761_length_31582_cvg_62.0_tip_0	31582	correct
696108	728594	32487	1	gi_48994873_gb_U00096.2__Escherichia_coli_str._K-12_substr._MG1655__complete_genome	1763_length_32487_cvg_62.0_tip_1	100.0		True
CONTIG	1763_length_32487_cvg_62.0_tip_1	32487	correct
3665405	3698282	32878	1	gi_48994873_gb_U00096.2__Escherichia_coli_str._K-12_substr._MG1655__complete_genome	1765_length_32878_cvg_62.0_tip_0	100.0		True
CONTIG	1765_length_32878_cvg_62.0_tip_0	32878	correct
3069326	3103365	34040	1	gi_48994873_gb_U00096.2__Escherichia_coli_str._K-12_substr._MG1655__complete_genome	1767_length_34040_cvg_62.1_tip_1	100.0		True
CONTIG	1767_length_34040_cvg_62.1_tip_1	34040	correct
4506650	4540713	1	34064	gi_48994873_gb_U00096.2__Escherichia_coli_str._K-12_substr._MG1655__complete_genome	1769_length_34064_cvg_62.9_tip_0	100.0		True
CONTIG	1769_length_34064_cvg_62.9_tip_0	34064	correct
4569066	4604140	35075	1	gi_48994873_gb_U00096.2__Escherichia_coli_str._K-12_substr._MG1655__complete_genome	1771_length_35075_cvg_62.0_tip_1	100.0		True
CONTIG	1771_length_35075_cvg_62.0_tip_1	35075	correct
3328471	3363628	35158	1	gi_48994873_gb_U00096.2__Escherichia_coli_str._K-12_substr._MG1655__complete_genome	1773_length_35158_cvg_62.0_tip_0	100.0		True
CONTIG	1773_length_35158_cvg_62.0_tip_0	35158	correct
3582168	3617350	1	35183	gi_48994873_gb_U00096.2__Escherichia_coli_str._K-12_substr._MG1655__complete_genome	1775_length_35183_cvg_62.0_tip_0	100.0		True
CONTIG	1775_length_35183_cvg_62.0_tip_0	35183	correct
3944922	3980681	35760	1	gi_48994873_gb_U00096.2__Escherichia_coli_str._K-12_substr._MG1655__complete_genome	1777_length_35760_cvg_62.0_tip_0	99.99		True
CONTIG	1777_length_35760_cvg_62.0_tip_0	35760	correct
3292301	3328518	1	36218	gi_48994873_gb_U00096.2__Escherichia_coli_str._K-12_substr._MG1655__complete_genome	1779_length_36218_cvg_62.0_tip_1	100.0		True
CONTIG	1779_length_36218_cvg_62.0_tip_1	36218	correct
1706879	1744508	37630	1	gi_48994873_gb_U00096.2__Escherichia_coli_str._K-12_substr._MG1655__complete_genome	1781_length_37630_cvg_62.0_tip_0	100.0		True
CONTIG	1781_length_37630_cvg_62.0_tip_0	37630	correct
4038814	4078066	1	39253	gi_48994873_gb_U00096.2__Escherichia_coli_str._K-12_substr._MG1655__complete_genome	1783_length_39253_cvg_62.0_tip_0	100.0		True
CONTIG	1783_length_39253_cvg_62.0_tip_0	39253	correct
2187894	2227233	39340	1	gi_48994873_gb_U00096.2__Escherichia_coli_str._K-12_substr._MG1655__complete_genome	1785_length_39340_cvg_62.0_tip_1	100.0		True
CONTIG	1785_length_39340_cvg_62.0_tip_1	39340	correct
3426962	3468240	41279	1	gi_48994873_gb_U00096.2__Escherichia_coli_str._K-12_substr._MG1655__complete_genome	1787_length_41279_cvg_62.0_tip_0	100.0		True
CONTIG	1787_length_41279_cvg_62.0_tip_0	41279	correct
737865	779830	41966	1	gi_48994873_gb_U00096.2__Escherichia_coli_str._K-12_substr._MG1655__complete_genome	1789_length_41966_cvg_62.0_tip_0	100.0		True
CONTIG	1789_length_41966_cvg_62.0_tip_0	41966	correct
1	15441	15441	1	gi_48994873_gb_U00096.2__Escherichia_coli_str._K-12_substr._MG1655__complete_genome	1791_length_42513_cvg_62.0_tip_0	100.0		True
fake misassembly (linear representation of circular genome)
4612604	4639675	42513	15442	gi_48994873_gb_U00096.2__Escherichia_coli_str._K-12_substr._MG1655__complete_genome	1791_length_42513_cvg_62.0_tip_0	100.0		True
CONTIG	1791_length_42513_cvg_62.0_tip_0	42513	correct
164581	207487	1	42907	gi_48994873_gb_U00096.2__Escherichia_coli_str._K-12_substr._MG1655__complete_genome	1793_length_42907_cvg_62.0_tip_1	100.0		True
CONTIG	1793_length_42907_cvg_62.0_tip_1	42907	correct
2469068	2512349	1	43282	gi_48994873_gb_U00096.2__Escherichia_coli_str._K-12_substr._MG1655__complete_genome	1795_length_43282_cvg_62.0_tip_0	100.0		True
CONTIG	1795_length_43282_cvg_62.0_tip_0	43282	correct
4092651	4135933	1	43283	gi_48994873_gb_U00096.2__Escherichia_coli_str._K-12_substr._MG1655__complete_genome	1797_length_43283_cvg_62.0_tip_0	100.0		True
CONTIG	1797_length_43283_cvg_62.0_tip_0	43283	correct
3980661	4025403	44743	1	gi_48994873_gb_U00096.2__Escherichia_coli_str._K-12_substr._MG1655__complete_genome	1799_length_44743_cvg_62.0_tip_0	100.0		True
CONTIG	1799_length_44743_cvg_62.0_tip_0	44743	correct
1222797	1268509	45713	1	gi_48994873_gb_U00096.2__Escherichia_coli_str._K-12_substr._MG1655__complete_genome	1801_length_45713_cvg_62.0_tip_0	100.0		True
CONTIG	1801_length_45713_cvg_62.0_tip_0	45713	correct
20510	66618	1	46109	gi_48994873_gb_U00096.2__Escherichia_coli_str._K-12_substr._MG1655__complete_genome	1803_length_46109_cvg_62.0_tip_0	100.0		True
CONTIG	1803_length_46109_cvg_62.0_tip_0	46109	correct
2945655	2994435	48781	1	gi_48994873_gb_U00096.2__Escherichia_coli_str._K-12_substr._MG1655__complete_genome	1805_length_48781_cvg_62.2_tip_0	100.0		True
CONTIG	1805_length_48781_cvg_62.2_tip_0	48781	correct
1468486	1518111	1	49626	gi_48994873_gb_U00096.2__Escherichia_coli_str._K-12_substr._MG1655__complete_genome	1807_length_49626_cvg_62.0_tip_1	100.0		True
CONTIG	1807_length_49626_cvg_62.0_tip_1	49626	correct
1990087	2042610	1	52524	gi_48994873_gb_U00096.2__Escherichia_coli_str._K-12_substr._MG1655__complete_genome	1809_length_52524_cvg_62.0_tip_0	100.0		True
CONTIG	1809_length_52524_cvg_62.0_tip_0	52524	correct
3706603	3760190	1	53588	gi_48994873_gb_U00096.2__Escherichia_coli_str._K-12_substr._MG1655__complete_genome	1811_length_53588_cvg_62.0_tip_0	100.0		True
CONTIG	1811_length_53588_cvg_62.0_tip_0	53588	correct
802616	856838	54223	1	gi_48994873_gb_U00096.2__Escherichia_coli_str._K-12_substr._MG1655__complete_genome	1813_length_54223_cvg_62.0_tip_1	100.0		True
CONTIG	1813_length_54223_cvg_62.0_tip_1	54223	correct
1569871	1624372	1	54502	gi_48994873_gb_U00096.2__Escherichia_coli_str._K-12_substr._MG1655__complete_genome	1815_length_54502_cvg_62.2_tip_1	100.0		True
CONTIG	1815_length_54502_cvg_62.2_tip_1	54502	correct
3129314	3184171	1	54858	gi_48994873_gb_U00096.2__Escherichia_coli_str._K-12_substr._MG1655__complete_genome	1817_length_54858_cvg_62.0_tip_0	100.0		True
CONTIG	1817_length_54858_cvg_62.0_tip_0	54858	correct
1649533	1706685	1	57153	gi_48994873_gb_U00096.2__Escherichia_coli_str._K-12_substr._MG1655__complete_genome	1819_length_57153_cvg_62.0_tip_0	100.0		True
CONTIG	1819_length_57153_cvg_62.0_tip_0	57153	correct
856789	914321	1	57533	gi_48994873_gb_U00096.2__Escherichia_coli_str._K-12_substr._MG1655__complete_genome	1821_length_57533_cvg_62.0_tip_1	100.0		True
CONTIG	1821_length_57533_cvg_62.0_tip_1	57533	correct
2227327	2286992	59666	1	gi_48994873_gb_U00096.2__Escherichia_coli_str._K-12_substr._MG1655__complete_genome	1823_length_59666_cvg_62.0_tip_0	100.0		True
CONTIG	1823_length_59666_cvg_62.0_tip_0	59666	correct
2660551	2724138	63588	1	gi_48994873_gb_U00096.2__Escherichia_coli_str._K-12_substr._MG1655__complete_genome	1825_length_63588_cvg_62.0_tip_0	100.0		True
CONTIG	1825_length_63588_cvg_62.0_tip_0	63588	correct
2100918	2168247	67330	1	gi_48994873_gb_U00096.2__Escherichia_coli_str._K-12_substr._MG1655__complete_genome	1827_length_67330_cvg_62.2_tip_0	100.0		True
CONTIG	1827_length_67330_cvg_62.2_tip_0	67330	correct
66721	138824	1	72104	gi_48994873_gb_U00096.2__Escherichia_coli_str._K-12_substr._MG1655__complete_genome	1829_length_72104_cvg_62.1_tip_0	100.0		True
CONTIG	1829_length_72104_cvg_62.1_tip_0	72104	correct
4211135	4283400	1	72266	gi_48994873_gb_U00096.2__Escherichia_coli_str._K-12_substr._MG1655__complete_genome	1831_length_72266_cvg_62.0_tip_0	100.0		True
CONTIG	1831_length_72266_cvg_62.0_tip_0	72266	correct
2995662	3069347	1	73686	gi_48994873_gb_U00096.2__Escherichia_coli_str._K-12_substr._MG1655__complete_genome	1833_length_73686_cvg_62.0_tip_0	100.0		True
CONTIG	1833_length_73686_cvg_62.0_tip_0	73686	correct
608520	687123	1	78604	gi_48994873_gb_U00096.2__Escherichia_coli_str._K-12_substr._MG1655__complete_genome	1835_length_78604_cvg_62.0_tip_0	100.0		True
CONTIG	1835_length_78604_cvg_62.0_tip_0	78604	correct
3489726	3581504	1	91778	gi_48994873_gb_U00096.2__Escherichia_coli_str._K-12_substr._MG1655__complete_genome	1837_length_91778_cvg_62.0_tip_1	99.99		True
CONTIG	1837_length_91778_cvg_62.0_tip_1	91778	correct
2566276	2660428	94153	1	gi_48994873_gb_U00096.2__Escherichia_coli_str._K-12_substr._MG1655__complete_genome	1839_length_94153_cvg_62.0_tip_0	100.0		True
CONTIG	1839_length_94153_cvg_62.0_tip_0	94153	correct
1298718	1394117	50	95449	gi_48994873_gb_U00096.2__Escherichia_coli_str._K-12_substr._MG1655__complete_genome	1841_length_95449_cvg_62.0_tip_0	100.0		True
CONTIG	1841_length_95449_cvg_62.0_tip_0	95449	correct
4392265	4496258	103994	1	gi_48994873_gb_U00096.2__Escherichia_coli_str._K-12_substr._MG1655__complete_genome	1843_length_103994_cvg_62.0_tip_1	100.0		True
CONTIG	1843_length_103994_cvg_62.0_tip_1	103994	correct
1871055	1976580	105526	1	gi_48994873_gb_U00096.2__Escherichia_coli_str._K-12_substr._MG1655__complete_genome	1845_length_105580_cvg_62.0_tip_0	100.0		True
CONTIG	1845_length_105580_cvg_62.0_tip_0	105580	correct
1096828	1207028	110201	1	gi_48994873_gb_U00096.2__Escherichia_coli_str._K-12_substr._MG1655__complete_genome	1847_length_110201_cvg_62.0_tip_0	100.0		True
CONTIG	1847_length_110201_cvg_62.0_tip_0	110201	correct
392142	507871	1	115730	gi_48994873_gb_U00096.2__Escherichia_coli_str._K-12_substr._MG1655__complete_genome	1849_length_115730_cvg_62.0_tip_0	100.0		True
CONTIG	1849_length_115730_cvg_62.0_tip_0	115730	correct
925147	1049104	1	123958	gi_48994873_gb_U00096.2__Escherichia_coli_str._K-12_substr._MG1655__complete_genome	1851_length_123958_cvg_62.0_tip_0	100.0		True
CONTIG	1851_length_123958_cvg_62.0_tip_0	123958	correct
1744547	1871063	126571	55	gi_48994873_gb_U00096.2__Escherichia_coli_str._K-12_substr._MG1655__complete_genome	1853_length_126571_cvg_62.0_tip_0	100.0		True
CONTIG	1853_length_126571_cvg_62.0_tip_0	126571	correct
2816518	2945461	128944	1	gi_48994873_gb_U00096.2__Escherichia_coli_str._K-12_substr._MG1655__complete_genome	1855_length_128944_cvg_62.0_tip_0	100.0		True
CONTIG	1855_length_128944_cvg_62.0_tip_0	128944	correct
2303033	2447225	1	144193	gi_48994873_gb_U00096.2__Escherichia_coli_str._K-12_substr._MG1655__complete_genome	1857_length_144193_cvg_62.0_tip_1	100.0		True
CONTIG	1857_length_144193_cvg_62.0_tip_1	144193	correct
3774033	3939519	165487	1	gi_48994873_gb_U00096.2__Escherichia_coli_str._K-12_substr._MG1655__complete_genome	1859_length_165487_cvg_62.0_tip_1	100.0		True
CONTIG	1859_length_165487_cvg_62.0_tip_1	165487	correct
