Veillonella_sp_oral_taxon_158_gi_313893368_ref_NZ_	NODE_15673_length_1213_cov_86.4249_ID_31345	NODE_20640_length_990_cov_458.002_ID_41279	NODE_11358_length_1536_cov_81.0101_ID_22715	NODE_1378_length_7270_cov_82.5325_ID_2755	NODE_1650_length_6426_cov_84.6129_ID_3299	NODE_2053_length_5423_cov_88.6695_ID_4105	NODE_2210_length_5115_cov_97.7075_ID_4419	NODE_2409_length_4798_cov_98.7164_ID_4817	NODE_2492_length_4664_cov_82.9362_ID_4983	NODE_2667_length_4445_cov_88.4968_ID_5333	NODE_3638_length_3545_cov_88.5146_ID_7275	NODE_3638_length_3545_cov_88.5146_ID_7275	NODE_3658_length_3533_cov_85.1087_ID_7315	NODE_3781_length_3445_cov_82.6386_ID_7561	NODE_4136_length_3203_cov_78.3802_ID_8271	NODE_4435_length_3047_cov_84.0338_ID_8869	NODE_4435_length_3047_cov_84.0338_ID_8869	NODE_6540_length_2303_cov_85.8043_ID_13079	NODE_12069_length_1474_cov_63.6166_ID_24137	NODE_12410_length_1445_cov_88.7324_ID_24819	NODE_13086_length_1392_cov_90.8669_ID_26171	NODE_13846_length_1331_cov_66.4984_ID_27691	NODE_19752_length_1020_cov_82.4363_ID_39503	NODE_20980_length_978_cov_93.6295_ID_41959	NODE_22684_length_921_cov_69.56_ID_45367	NODE_23560_length_897_cov_101.59_ID_47119	NODE_25976_length_835_cov_98.7821_ID_51951	NODE_28036_length_788_cov_60.8881_ID_56071	NODE_28126_length_785_cov_28.8493_ID_56251	NODE_35264_length_658_cov_113.315_ID_70527	NODE_36153_length_645_cov_97.9017_ID_72305	NODE_39538_length_599_cov_104.871_ID_79075	NODE_41699_length_573_cov_32.1815_ID_83397	NODE_43071_length_558_cov_81.493_ID_86141
Veillonella_sp_oral_taxon_158_gi_313893318_ref_NZ_	NODE_18073_length_1090_cov_88.543_ID_36145	NODE_693_length_12306_cov_86.9365_ID_1385	NODE_1631_length_6474_cov_85.6809_ID_3261	NODE_1640_length_6452_cov_83.0733_ID_3279	NODE_1676_length_6363_cov_103.392_ID_3351	NODE_1928_length_5709_cov_99.8111_ID_3855	NODE_4320_length_3102_cov_86.5156_ID_8639	NODE_6685_length_2262_cov_86.6357_ID_13369	NODE_10599_length_1616_cov_87.0006_ID_21197	NODE_10813_length_1591_cov_84.8171_ID_21625	NODE_14513_length_1284_cov_31.3645_ID_29025	NODE_14684_length_1273_cov_101.386_ID_29367	NODE_17336_length_1125_cov_81.8355_ID_34671	NODE_29196_length_762_cov_85.6733_ID_58391	NODE_33394_length_688_cov_80.0948_ID_66787	NODE_38074_length_618_cov_102.309_ID_76147	NODE_46247_length_527_cov_32.5508_ID_92493	NODE_46248_length_527_cov_49.6949_ID_92495	NODE_48396_length_509_cov_85.2225_ID_96791
Veillonella_sp_oral_taxon_158_gi_313892673_ref_NZ_	NODE_22680_length_922_cov_94.6251_ID_45359	NODE_10957_length_1576_cov_78.6522_ID_21913	NODE_14669_length_1274_cov_94.0164_ID_29337	NODE_20904_length_980_cov_1.34595_ID_41807	NODE_24017_length_885_cov_101.182_ID_48033	NODE_27811_length_793_cov_87.9241_ID_55621	NODE_28075_length_787_cov_94.4577_ID_56149	NODE_28263_length_783_cov_82.3997_ID_56525	NODE_28838_length_770_cov_51.2979_ID_57675	NODE_31340_length_723_cov_88.4641_ID_62679	NODE_32246_length_707_cov_96.1426_ID_64491	NODE_32724_length_699_cov_48.2484_ID_65447	NODE_32735_length_699_cov_55.528_ID_65469	NODE_35124_length_660_cov_49.7074_ID_70247	NODE_47023_length_520_cov_84.7226_ID_94045
Veillonella_sp_oral_taxon_158_gi_313894569_ref_NZ_	NODE_27006_length_811_cov_104.499_ID_54011	NODE_613_length_13787_cov_89.9579_ID_1225	NODE_1093_length_8785_cov_86.5897_ID_2185	NODE_1591_length_6593_cov_87.3839_ID_3181	NODE_1652_length_6421_cov_97.2161_ID_3303	NODE_1782_length_6050_cov_84.6769_ID_3563	NODE_1799_length_6008_cov_89.4006_ID_3597	NODE_1994_length_5553_cov_96.3554_ID_3987	NODE_2216_length_5105_cov_91.5192_ID_4431	NODE_2753_length_4352_cov_87.565_ID_5505	NODE_2914_length_4170_cov_76.1361_ID_5827	NODE_3285_length_3842_cov_81.4088_ID_6569	NODE_3356_length_3782_cov_39.6456_ID_6711	NODE_3391_length_3747_cov_92.9404_ID_6781	NODE_3890_length_3368_cov_87.6381_ID_7779	NODE_5150_length_2753_cov_83.1883_ID_10299	NODE_5328_length_2683_cov_87.6446_ID_10655	NODE_5329_length_2683_cov_85.148_ID_10657	NODE_5546_length_2597_cov_91.8143_ID_11091	NODE_5546_length_2597_cov_91.8143_ID_11091	NODE_6422_length_2335_cov_73.3798_ID_12843	NODE_6680_length_2264_cov_92.7569_ID_13359	NODE_6786_length_2233_cov_92.7062_ID_13571	NODE_7482_length_2082_cov_89.0656_ID_14963	NODE_7597_length_2062_cov_76.571_ID_15193	NODE_8698_length_1869_cov_88.0562_ID_17395	NODE_9624_length_1739_cov_91.3314_ID_19247	NODE_9624_length_1739_cov_91.3314_ID_19247	NODE_12985_length_1398_cov_57.4512_ID_25969	NODE_13126_length_1388_cov_90.0848_ID_26251	NODE_13214_length_1381_cov_82.6916_ID_26427	NODE_13376_length_1368_cov_82.933_ID_26751	NODE_15187_length_1239_cov_80.5667_ID_30373	NODE_15480_length_1223_cov_84.9795_ID_30959	NODE_15537_length_1220_cov_74.4661_ID_31073	NODE_16478_length_1169_cov_115.124_ID_32955	NODE_19158_length_1044_cov_85.4186_ID_38315	NODE_21428_length_962_cov_49.5568_ID_42855	NODE_21428_length_962_cov_49.5568_ID_42855	NODE_21643_length_955_cov_94.9656_ID_43285	NODE_23800_length_890_cov_106.083_ID_47599	NODE_24234_length_879_cov_103.697_ID_48467	NODE_24898_length_862_cov_96.7237_ID_49795	NODE_25036_length_858_cov_92.7696_ID_50071	NODE_29055_length_766_cov_111.574_ID_58109	NODE_30658_length_735_cov_110.737_ID_61315	NODE_35689_length_651_cov_53.2366_ID_71377	NODE_36009_length_647_cov_50.2753_ID_72017	NODE_37419_length_627_cov_109.343_ID_74837	NODE_38317_length_615_cov_72.6964_ID_76633	NODE_42525_length_564_cov_44.0609_ID_85049	NODE_42526_length_564_cov_56.8527_ID_85051	NODE_43975_length_549_cov_30.4939_ID_87949	NODE_46044_length_529_cov_80.711_ID_92087	NODE_46672_length_523_cov_116.868_ID_93343
Veillonella_sp_oral_taxon_158_gi_313892690_ref_NZ_	NODE_302_length_24926_cov_13.1281_ID_603	NODE_302_length_24926_cov_13.1281_ID_603	NODE_753_length_11531_cov_88.6361_ID_1505	NODE_997_length_9424_cov_83.7009_ID_1993	NODE_1462_length_6980_cov_87.9496_ID_2923	NODE_1699_length_6297_cov_23.6908_ID_3397	NODE_1835_length_5898_cov_88.0671_ID_3669	NODE_2404_length_4805_cov_82.1773_ID_4807	NODE_2407_length_4803_cov_85.5265_ID_4813	NODE_2407_length_4803_cov_85.5265_ID_4813	NODE_2879_length_4227_cov_83.1366_ID_5757	NODE_3270_length_3851_cov_66.1573_ID_6539	NODE_3546_length_3620_cov_57.9697_ID_7091	NODE_4871_length_2865_cov_68.6637_ID_9741	NODE_5133_length_2759_cov_60.7707_ID_10265	NODE_6194_length_2393_cov_91.3182_ID_12387	NODE_6389_length_2340_cov_76.7396_ID_12777	NODE_7212_length_2136_cov_51.7299_ID_14423	NODE_8421_length_1912_cov_33.7006_ID_16841	NODE_8774_length_1858_cov_59.0771_ID_17547	NODE_10320_length_1645_cov_74.3245_ID_20639	NODE_10732_length_1602_cov_66.6761_ID_21463	NODE_12209_length_1461_cov_89.4374_ID_24417	NODE_12209_length_1461_cov_89.4374_ID_24417	NODE_12718_length_1421_cov_73.7965_ID_25435	NODE_12718_length_1421_cov_73.7965_ID_25435	NODE_14465_length_1287_cov_57.8442_ID_28929	NODE_14465_length_1287_cov_57.8442_ID_28929	NODE_15796_length_1206_cov_32.1329_ID_31591	NODE_17517_length_1116_cov_58.5636_ID_35033	NODE_17637_length_1110_cov_73.0057_ID_35273	NODE_18444_length_1072_cov_112.428_ID_36887	NODE_18689_length_1062_cov_21.7001_ID_37377	NODE_19720_length_1021_cov_97.7443_ID_39439	NODE_21313_length_966_cov_83.888_ID_42625	NODE_21903_length_946_cov_54.0236_ID_43805	NODE_22191_length_938_cov_102.443_ID_44381	NODE_26099_length_832_cov_99.3977_ID_52197	NODE_30961_length_729_cov_8.5549_ID_61921	NODE_32364_length_705_cov_102.109_ID_64727	NODE_34955_length_663_cov_23.2138_ID_69909	NODE_35055_length_661_cov_96.6716_ID_70109	NODE_39926_length_594_cov_104.929_ID_79851	NODE_40340_length_588_cov_31.257_ID_80679	NODE_41199_length_579_cov_100.996_ID_82397	NODE_43812_length_551_cov_13.0726_ID_87623	NODE_44595_length_543_cov_24.8361_ID_89189
Veillonella_sp_oral_taxon_158_gi_313894488_ref_NZ_	NODE_1000_length_9412_cov_82.3324_ID_1999	NODE_1720_length_6226_cov_64.1053_ID_3439	NODE_1720_length_6226_cov_64.1053_ID_3439	NODE_2812_length_4289_cov_89.5335_ID_5623	NODE_2812_length_4289_cov_89.5335_ID_5623	NODE_3158_length_3953_cov_87.6088_ID_6315	NODE_3811_length_3425_cov_83.262_ID_7621	NODE_3977_length_3310_cov_85.2614_ID_7953	NODE_4506_length_3014_cov_78.1325_ID_9011	NODE_6201_length_2390_cov_65.4056_ID_12401	NODE_6431_length_2334_cov_101.317_ID_12861	NODE_6482_length_2319_cov_74.7125_ID_12963	NODE_7880_length_2010_cov_78.7913_ID_15759	NODE_8747_length_1861_cov_32.4031_ID_17493	NODE_9386_length_1772_cov_67.1957_ID_18771	NODE_11208_length_1549_cov_65.8534_ID_22415	NODE_11230_length_1547_cov_84.187_ID_22459	NODE_11358_length_1536_cov_81.0101_ID_22715	NODE_13577_length_1353_cov_82.7542_ID_27153	NODE_14316_length_1297_cov_59.1176_ID_28631	NODE_14362_length_1294_cov_89.8733_ID_28723	NODE_17055_length_1138_cov_78.0905_ID_34109	NODE_18390_length_1074_cov_83.4897_ID_36779	NODE_20099_length_1008_cov_39.0252_ID_40197	NODE_21000_length_977_cov_23.9729_ID_41999	NODE_22319_length_933_cov_73.7517_ID_44637	NODE_22680_length_922_cov_94.6251_ID_45359	NODE_22848_length_917_cov_84.6578_ID_45695	NODE_24606_length_870_cov_105.233_ID_49211	NODE_25827_length_838_cov_66.3001_ID_51653	NODE_29726_length_752_cov_109.862_ID_59451	NODE_40148_length_591_cov_52.8881_ID_80295	NODE_44293_length_546_cov_20.6415_ID_88585	NODE_47634_length_515_cov_82.2935_ID_95267	NODE_48029_length_512_cov_103.744_ID_96057	NODE_48786_length_505_cov_15.6622_ID_97571
Veillonella_sp_oral_taxon_158_gi_313893446_ref_NZ_	NODE_492_length_16752_cov_39.6542_ID_983	NODE_808_length_10901_cov_40.9401_ID_1615	NODE_808_length_10901_cov_40.9401_ID_1615	NODE_889_length_10188_cov_70.3273_ID_1777	NODE_2054_length_5420_cov_103.585_ID_4107	NODE_2054_length_5420_cov_103.585_ID_4107	NODE_2060_length_5406_cov_23.0976_ID_4119	NODE_2773_length_4335_cov_85.7364_ID_5545	NODE_2773_length_4335_cov_85.7364_ID_5545	NODE_3286_length_3842_cov_18.3821_ID_6571	NODE_3601_length_3578_cov_103.825_ID_7201	NODE_4741_length_2915_cov_10.2031_ID_9481	NODE_4741_length_2915_cov_10.2031_ID_9481	NODE_5256_length_2712_cov_113.088_ID_10511	NODE_5604_length_2580_cov_95.6511_ID_11207	NODE_5862_length_2493_cov_118.706_ID_11723	NODE_5933_length_2471_cov_46.4739_ID_11865	NODE_8060_length_1976_cov_73.6106_ID_16119	NODE_8149_length_1960_cov_51.1018_ID_16297	NODE_8281_length_1936_cov_108.759_ID_16561	NODE_8969_length_1830_cov_75.3482_ID_17937	NODE_9587_length_1745_cov_104.37_ID_19173	NODE_10417_length_1635_cov_18.362_ID_20833	NODE_10686_length_1606_cov_106.535_ID_21371	NODE_10708_length_1604_cov_43.4132_ID_21415	NODE_10708_length_1604_cov_43.4132_ID_21415	NODE_10840_length_1588_cov_43.7991_ID_21679	NODE_10840_length_1588_cov_43.7991_ID_21679	NODE_11349_length_1537_cov_120.321_ID_22697	NODE_12726_length_1420_cov_54.9341_ID_25451	NODE_12726_length_1420_cov_54.9341_ID_25451	NODE_13670_length_1345_cov_90.3403_ID_27339	NODE_14085_length_1311_cov_417.6_ID_28169	NODE_14100_length_1310_cov_87.4637_ID_28199	NODE_15323_length_1232_cov_120.348_ID_30645	NODE_16345_length_1175_cov_1.31339_ID_32689	NODE_16588_length_1162_cov_89.3875_ID_33175	NODE_17295_length_1127_cov_76.8741_ID_34589	NODE_17542_length_1115_cov_121.601_ID_35083	NODE_17627_length_1111_cov_116.255_ID_35253	NODE_17800_length_1103_cov_119.939_ID_35599	NODE_18172_length_1085_cov_66.6981_ID_36343	NODE_18823_length_1057_cov_125.479_ID_37645	NODE_19177_length_1043_cov_92.2389_ID_38353	NODE_21034_length_976_cov_109.426_ID_42067	NODE_22035_length_942_cov_60.7317_ID_44069	NODE_22718_length_921_cov_64.1871_ID_45435	NODE_22748_length_920_cov_56.8139_ID_45495	NODE_22748_length_920_cov_56.8139_ID_45495	NODE_23172_length_907_cov_1.65376_ID_46343	NODE_23747_length_891_cov_1.7189_ID_47493	NODE_24247_length_878_cov_116.288_ID_48493	NODE_25115_length_856_cov_51.9476_ID_50229	NODE_26618_length_819_cov_1.18848_ID_53235	NODE_28708_length_773_cov_99.1393_ID_57415	NODE_29190_length_763_cov_53.8573_ID_58379	NODE_29190_length_763_cov_53.8573_ID_58379	NODE_29352_length_759_cov_99.8097_ID_58703	NODE_30249_length_742_cov_95.8297_ID_60497	NODE_31211_length_725_cov_1.22388_ID_62421	NODE_31927_length_712_cov_136.667_ID_63853	NODE_32150_length_708_cov_27.66_ID_64299	NODE_32164_length_708_cov_33.6217_ID_64327	NODE_32219_length_707_cov_42.8942_ID_64437	NODE_32868_length_696_cov_1.93292_ID_65735	NODE_32963_length_695_cov_139.616_ID_65925	NODE_33387_length_688_cov_77.6603_ID_66773	NODE_34092_length_677_cov_105.86_ID_68183	NODE_37396_length_627_cov_79.2535_ID_74791	NODE_37402_length_627_cov_75.3549_ID_74803	NODE_38299_length_615_cov_40.4071_ID_76597	NODE_39296_length_602_cov_93.2048_ID_78591	NODE_39609_length_598_cov_63.1823_ID_79217	NODE_40192_length_590_cov_89.4355_ID_80383	NODE_41399_length_576_cov_54.9367_ID_82797	NODE_41399_length_576_cov_54.9367_ID_82797	NODE_42295_length_567_cov_53.5625_ID_84589	NODE_44843_length_540_cov_69.5505_ID_89685	NODE_46353_length_526_cov_82.3524_ID_92705	NODE_46362_length_526_cov_50.034_ID_92723	NODE_46520_length_524_cov_1.95949_ID_93039	NODE_46709_length_522_cov_1.4561_ID_93417	NODE_47754_length_514_cov_74.0305_ID_95507	NODE_47873_length_513_cov_74.7249_ID_95745	NODE_47874_length_513_cov_46.6725_ID_95747	NODE_47882_length_513_cov_51.2249_ID_95763	NODE_48731_length_506_cov_132.745_ID_97461
Veillonella_sp_oral_taxon_158_gi_313892689_ref_NZ_	NODE_16368_length_1174_cov_477.213_ID_32735	NODE_16368_length_1174_cov_477.213_ID_32735	NODE_18348_length_1076_cov_484.623_ID_36695	NODE_26954_length_812_cov_596.38_ID_53907	NODE_35320_length_657_cov_711.203_ID_70639
Veillonella_sp_oral_taxon_158_gi_313893564_ref_NZ_	NODE_701_length_12164_cov_86.8362_ID_1401	NODE_1214_length_8114_cov_83.7878_ID_2427	NODE_1214_length_8114_cov_83.7878_ID_2427	NODE_3026_length_4072_cov_83.116_ID_6051	NODE_3808_length_3427_cov_84.745_ID_7615	NODE_5383_length_2663_cov_87.6035_ID_10765	NODE_5462_length_2628_cov_87.5488_ID_10923	NODE_5736_length_2532_cov_76.3258_ID_11471	NODE_5943_length_2467_cov_81.7052_ID_11885	NODE_8239_length_1943_cov_87.4756_ID_16477	NODE_8548_length_1893_cov_87.1148_ID_17095	NODE_9352_length_1776_cov_90.9111_ID_18703	NODE_12534_length_1434_cov_84.9768_ID_25067	NODE_17131_length_1135_cov_110.367_ID_34261	NODE_19595_length_1025_cov_29.4763_ID_39189	NODE_20098_length_1008_cov_104.632_ID_40195	NODE_20706_length_988_cov_103.01_ID_41411	NODE_26651_length_819_cov_57.4935_ID_53301	NODE_33593_length_685_cov_95.0746_ID_67185	NODE_37617_length_624_cov_69.3445_ID_75233	NODE_39317_length_602_cov_108.316_ID_78633
Veillonella_sp_oral_taxon_158_gi_313893239_ref_NZ_	NODE_1293_length_7639_cov_84.5208_ID_2585	NODE_1623_length_6499_cov_76.8755_ID_3245	NODE_1701_length_6291_cov_84.4262_ID_3401	NODE_2294_length_4991_cov_87.8857_ID_4587	NODE_2436_length_4767_cov_85.6454_ID_4871	NODE_2643_length_4480_cov_88.4768_ID_5285	NODE_4813_length_2891_cov_84.3949_ID_9625	NODE_5572_length_2590_cov_84.6809_ID_11143	NODE_7979_length_1988_cov_43.329_ID_15957	NODE_8261_length_1940_cov_105.17_ID_16521	NODE_9033_length_1821_cov_76.5_ID_18065	NODE_10096_length_1676_cov_82.8797_ID_20191	NODE_12200_length_1462_cov_86.7271_ID_24399	NODE_12921_length_1403_cov_63.7174_ID_25841	NODE_13874_length_1329_cov_82.3791_ID_27747	NODE_17940_length_1096_cov_74.9981_ID_35879	NODE_19828_length_1017_cov_66.4314_ID_39655	NODE_25786_length_839_cov_82.7219_ID_51571	NODE_26122_length_831_cov_86.4807_ID_52243	NODE_26975_length_812_cov_110.108_ID_53949	NODE_28282_length_782_cov_57.553_ID_56563	NODE_30456_length_738_cov_26.9048_ID_60911	NODE_31636_length_717_cov_91.0166_ID_63271	NODE_31857_length_713_cov_33.421_ID_63713	NODE_33652_length_684_cov_83.5676_ID_67303	NODE_35064_length_661_cov_100.743_ID_70127	NODE_36601_length_638_cov_31.0137_ID_73201	NODE_37333_length_628_cov_107.724_ID_74665	NODE_40145_length_591_cov_67.0485_ID_80289	NODE_41965_length_570_cov_52.8602_ID_83929	NODE_47396_length_517_cov_29.7165_ID_94791	NODE_48034_length_512_cov_93.3764_ID_96067
Veillonella_sp_oral_taxon_158_gi_313892865_ref_NZ_	NODE_23243_length_905_cov_79.0824_ID_46485	NODE_2216_length_5105_cov_91.5192_ID_4431	NODE_25036_length_858_cov_92.7696_ID_50071	NODE_34214_length_675_cov_520.148_ID_68427	NODE_32555_length_702_cov_665.065_ID_65109	NODE_155_length_43808_cov_38.8622_ID_309	NODE_155_length_43808_cov_38.8622_ID_309	NODE_608_length_13868_cov_115.445_ID_1215	NODE_691_length_12320_cov_99.5311_ID_1381	NODE_782_length_11138_cov_96.4397_ID_1563	NODE_782_length_11138_cov_96.4397_ID_1563	NODE_782_length_11138_cov_96.4397_ID_1563	NODE_964_length_9620_cov_98.4398_ID_1927	NODE_964_length_9620_cov_98.4398_ID_1927	NODE_1148_length_8480_cov_92.316_ID_2295	NODE_1182_length_8217_cov_133.898_ID_2363	NODE_1312_length_7533_cov_103.85_ID_2623	NODE_1502_length_6883_cov_81.5195_ID_3003	NODE_1506_length_6878_cov_76.9418_ID_3011	NODE_1726_length_6206_cov_106.883_ID_3451	NODE_1726_length_6206_cov_106.883_ID_3451	NODE_1856_length_5861_cov_79.3484_ID_3711	NODE_1863_length_5851_cov_84.3585_ID_3725	NODE_1958_length_5640_cov_106.481_ID_3915	NODE_2130_length_5256_cov_90.7216_ID_4259	NODE_2223_length_5092_cov_87.0476_ID_4445	NODE_2223_length_5092_cov_87.0476_ID_4445	NODE_2290_length_4993_cov_92.8597_ID_4579	NODE_2607_length_4525_cov_107.553_ID_5213	NODE_2694_length_4417_cov_83.7616_ID_5387	NODE_2743_length_4357_cov_87.1346_ID_5485	NODE_2795_length_4306_cov_22.1531_ID_5589	NODE_2923_length_4164_cov_89.2891_ID_5845	NODE_3140_length_3972_cov_27.1287_ID_6279	NODE_3208_length_3909_cov_91.5859_ID_6415	NODE_3289_length_3839_cov_93.8998_ID_6577	NODE_3380_length_3755_cov_35.9095_ID_6759	NODE_3629_length_3554_cov_33.9008_ID_7257	NODE_3690_length_3510_cov_86.4784_ID_7379	NODE_3810_length_3426_cov_80.1193_ID_7619	NODE_3810_length_3426_cov_80.1193_ID_7619	NODE_3882_length_3379_cov_78.4206_ID_7763	NODE_4055_length_3249_cov_69.2436_ID_8109	NODE_4120_length_3213_cov_97.6032_ID_8239	NODE_4120_length_3213_cov_97.6032_ID_8239	NODE_5026_length_2801_cov_78.1387_ID_10051	NODE_5161_length_2748_cov_82.7705_ID_10321	NODE_5614_length_2577_cov_63.634_ID_11227	NODE_5635_length_2568_cov_89.606_ID_11269	NODE_5703_length_2541_cov_89.3049_ID_11405	NODE_5703_length_2541_cov_89.3049_ID_11405	NODE_5917_length_2475_cov_81.5041_ID_11833	NODE_5935_length_2471_cov_111.729_ID_11869	NODE_6353_length_2349_cov_85.5737_ID_12705	NODE_6585_length_2290_cov_88.4953_ID_13169	NODE_6840_length_2218_cov_92.7476_ID_13679	NODE_7400_length_2097_cov_59.4177_ID_14799	NODE_7666_length_2048_cov_78.7883_ID_15331	NODE_7703_length_2041_cov_79.9436_ID_15405	NODE_7992_length_1986_cov_84.449_ID_15983	NODE_8156_length_1958_cov_13.0158_ID_16311	NODE_8200_length_1951_cov_394.454_ID_16399	NODE_8284_length_1935_cov_86.142_ID_16567	NODE_8298_length_1932_cov_114.699_ID_16595	NODE_8998_length_1827_cov_94.0491_ID_17995	NODE_9261_length_1791_cov_87.182_ID_18521	NODE_9868_length_1705_cov_83.8485_ID_19735	NODE_10502_length_1626_cov_83.177_ID_21003	NODE_10578_length_1618_cov_94.1043_ID_21155	NODE_10600_length_1616_cov_89.9808_ID_21199	NODE_10695_length_1605_cov_91.2458_ID_21389	NODE_10740_length_1601_cov_113.333_ID_21479	NODE_11224_length_1548_cov_117.336_ID_22447	NODE_12279_length_1456_cov_87.4019_ID_24557	NODE_12338_length_1450_cov_26.0444_ID_24675	NODE_12872_length_1408_cov_92.7982_ID_25743	NODE_13361_length_1369_cov_87.3014_ID_26721	NODE_13856_length_1330_cov_87.9624_ID_27711	NODE_13921_length_1325_cov_111.198_ID_27841	NODE_13996_length_1319_cov_106.499_ID_27991	NODE_14101_length_1310_cov_107.647_ID_28201	NODE_14629_length_1276_cov_84.8518_ID_29257	NODE_16074_length_1191_cov_213.852_ID_32147	NODE_16432_length_1171_cov_34.0358_ID_32863	NODE_16654_length_1159_cov_111.805_ID_33307	NODE_17174_length_1133_cov_70.705_ID_34347	NODE_17175_length_1133_cov_64.9063_ID_34349	NODE_17530_length_1116_cov_116.47_ID_35059	NODE_17924_length_1097_cov_82.7428_ID_35847	NODE_18279_length_1079_cov_92.1523_ID_36557	NODE_18423_length_1073_cov_106.336_ID_36845	NODE_18943_length_1053_cov_93.9499_ID_37885	NODE_18991_length_1051_cov_114.084_ID_37981	NODE_19135_length_1045_cov_115.176_ID_38269	NODE_19905_length_1015_cov_17.2448_ID_39809	NODE_19982_length_1012_cov_111.324_ID_39963	NODE_20430_length_997_cov_119.385_ID_40859	NODE_20641_length_990_cov_23_ID_41281	NODE_20739_length_987_cov_355.835_ID_41477	NODE_20765_length_986_cov_111.499_ID_41529	NODE_21522_length_959_cov_112.164_ID_43043	NODE_22190_length_938_cov_113.302_ID_44379	NODE_22854_length_917_cov_99.7193_ID_45707	NODE_23298_length_904_cov_73.1201_ID_46595	NODE_23395_length_901_cov_61.8132_ID_46789	NODE_23510_length_898_cov_66.7367_ID_47019	NODE_24038_length_884_cov_91.1013_ID_48075	NODE_24195_length_880_cov_117.251_ID_48389	NODE_24473_length_873_cov_40.5856_ID_48945	NODE_24819_length_864_cov_120.466_ID_49637	NODE_25499_length_846_cov_109.786_ID_50997	NODE_25785_length_839_cov_112.379_ID_51569	NODE_26585_length_820_cov_84.3059_ID_53169	NODE_27094_length_809_cov_90.8342_ID_54187	NODE_27359_length_803_cov_63.0709_ID_54717	NODE_27359_length_803_cov_63.0709_ID_54717	NODE_27727_length_795_cov_84.973_ID_55453	NODE_27775_length_794_cov_94.6549_ID_55549	NODE_28484_length_778_cov_113.967_ID_56967	NODE_28857_length_769_cov_70.5896_ID_57713	NODE_28871_length_769_cov_83.0028_ID_57741	NODE_28904_length_768_cov_74.5863_ID_57807	NODE_29480_length_757_cov_105.537_ID_58959	NODE_30037_length_746_cov_12.0405_ID_60073	NODE_30420_length_739_cov_98.7485_ID_60839	NODE_30523_length_737_cov_98.8372_ID_61045	NODE_30699_length_734_cov_89.2224_ID_61397	NODE_30782_length_733_cov_98.5192_ID_61563	NODE_30954_length_730_cov_55.16_ID_61907	NODE_31385_length_722_cov_79.5067_ID_62769	NODE_31543_length_719_cov_116.211_ID_63085	NODE_32180_length_707_cov_96.4095_ID_64359	NODE_32446_length_703_cov_12.9028_ID_64891	NODE_32851_length_697_cov_69.7726_ID_65701	NODE_32901_length_696_cov_79.4649_ID_65801	NODE_32971_length_695_cov_89.0094_ID_65941	NODE_32982_length_695_cov_103.975_ID_65963	NODE_33018_length_694_cov_113.39_ID_66035	NODE_33506_length_686_cov_70.6957_ID_67011	NODE_33525_length_686_cov_108.13_ID_67049	NODE_33638_length_684_cov_72.8537_ID_67275	NODE_33784_length_682_cov_106.475_ID_67567	NODE_34275_length_674_cov_100.06_ID_68549	NODE_34278_length_674_cov_111.997_ID_68555	NODE_34369_length_672_cov_61.9271_ID_68737	NODE_34401_length_672_cov_88.778_ID_68801	NODE_35226_length_658_cov_81.7977_ID_70451	NODE_35526_length_654_cov_78.197_ID_71051	NODE_35599_length_653_cov_48.9298_ID_71197	NODE_36149_length_645_cov_92.4915_ID_72297	NODE_36335_length_642_cov_83.8859_ID_72669	NODE_36500_length_640_cov_102.636_ID_72999	NODE_36687_length_637_cov_87.1409_ID_73373	NODE_37192_length_630_cov_41.8835_ID_74383	NODE_38081_length_618_cov_94.0888_ID_76161	NODE_38736_length_609_cov_95.6534_ID_77471	NODE_39073_length_605_cov_112.878_ID_78145	NODE_39290_length_602_cov_86.2541_ID_78579	NODE_39445_length_600_cov_105.848_ID_78889	NODE_41706_length_573_cov_240.494_ID_83411	NODE_42099_length_569_cov_89.2588_ID_84197	NODE_43499_length_554_cov_125.952_ID_86997	NODE_44023_length_549_cov_94.7105_ID_88045	NODE_44076_length_548_cov_34.6836_ID_88151	NODE_44711_length_542_cov_116.271_ID_89421	NODE_45453_length_535_cov_94.2313_ID_90905	NODE_45546_length_534_cov_95.0167_ID_91091	NODE_45548_length_534_cov_60.2735_ID_91095	NODE_47041_length_520_cov_108.619_ID_94081	NODE_47770_length_514_cov_91.9129_ID_95539	NODE_47783_length_514_cov_58.8061_ID_95565	NODE_48377_length_509_cov_119.141_ID_96753	NODE_48398_length_509_cov_118.449_ID_96795	NODE_48398_length_509_cov_118.449_ID_96795	NODE_48717_length_506_cov_87.2594_ID_97433
Veillonella_sp_oral_taxon_158_gi_313893748_ref_NZ_	NODE_392_length_19957_cov_73.2976_ID_783	NODE_392_length_19957_cov_73.2976_ID_783	NODE_577_length_14640_cov_82.5326_ID_1153	NODE_674_length_12704_cov_106.306_ID_1347	NODE_765_length_11384_cov_39.9011_ID_1529	NODE_785_length_11124_cov_96.1237_ID_1569	NODE_949_length_9669_cov_35.5678_ID_1897	NODE_949_length_9669_cov_35.5678_ID_1897	NODE_955_length_9650_cov_37.3802_ID_1909	NODE_955_length_9650_cov_37.3802_ID_1909	NODE_1276_length_7747_cov_100.221_ID_2551	NODE_1324_length_7472_cov_43.5191_ID_2647	NODE_1346_length_7372_cov_93.0112_ID_2691	NODE_1396_length_7226_cov_93.4245_ID_2791	NODE_1438_length_7081_cov_99.6436_ID_2875	NODE_1438_length_7081_cov_99.6436_ID_2875	NODE_1883_length_5806_cov_94.7837_ID_3765	NODE_1883_length_5806_cov_94.7837_ID_3765	NODE_2067_length_5394_cov_63.9961_ID_4133	NODE_2332_length_4921_cov_37.4679_ID_4663	NODE_2624_length_4507_cov_93.7684_ID_5247	NODE_2770_length_4336_cov_87.0208_ID_5539	NODE_2887_length_4221_cov_73.6519_ID_5773	NODE_3043_length_4053_cov_71.1923_ID_6085	NODE_3168_length_3946_cov_97.6446_ID_6335	NODE_3353_length_3784_cov_114.296_ID_6705	NODE_3694_length_3504_cov_84.5445_ID_7387	NODE_3776_length_3447_cov_109.387_ID_7551	NODE_4098_length_3226_cov_113.332_ID_8195	NODE_4132_length_3206_cov_110.307_ID_8263	NODE_4286_length_3118_cov_92.5991_ID_8571	NODE_4546_length_2998_cov_68.7859_ID_9091	NODE_4830_length_2882_cov_92.2381_ID_9659	NODE_4909_length_2852_cov_94.5556_ID_9817	NODE_4925_length_2845_cov_119.004_ID_9849	NODE_4943_length_2837_cov_92.9019_ID_9885	NODE_5025_length_2801_cov_108.373_ID_10049	NODE_5232_length_2720_cov_110.879_ID_10463	NODE_5242_length_2717_cov_53.7145_ID_10483	NODE_5557_length_2594_cov_86.2678_ID_11113	NODE_5557_length_2594_cov_86.2678_ID_11113	NODE_5621_length_2574_cov_102.642_ID_11241	NODE_5631_length_2570_cov_118.387_ID_11261	NODE_5880_length_2486_cov_95.7869_ID_11759	NODE_5954_length_2463_cov_99.7791_ID_11907	NODE_6030_length_2442_cov_38.1173_ID_12059	NODE_7433_length_2092_cov_86.8689_ID_14865	NODE_7629_length_2054_cov_41.9915_ID_15257	NODE_7662_length_2049_cov_100.787_ID_15323	NODE_7915_length_2002_cov_75.9928_ID_15829	NODE_7978_length_1989_cov_108.476_ID_15955	NODE_8142_length_1961_cov_88.085_ID_16283	NODE_8680_length_1872_cov_99.3385_ID_17359	NODE_8896_length_1842_cov_74.2071_ID_17791	NODE_8944_length_1835_cov_37.9275_ID_17887	NODE_9805_length_1713_cov_110.322_ID_19609	NODE_10000_length_1688_cov_76.6418_ID_19999	NODE_10180_length_1663_cov_100.428_ID_20359	NODE_10447_length_1632_cov_88.7743_ID_20893	NODE_10447_length_1632_cov_88.7743_ID_20893	NODE_10734_length_1602_cov_62.384_ID_21467	NODE_10935_length_1578_cov_99.5227_ID_21869	NODE_10951_length_1576_cov_67.9934_ID_21901	NODE_11211_length_1549_cov_67.5549_ID_22421	NODE_11220_length_1548_cov_94.2043_ID_22439	NODE_11639_length_1512_cov_87.5079_ID_23277	NODE_11756_length_1502_cov_29.8645_ID_23511	NODE_11839_length_1495_cov_99.9708_ID_23677	NODE_11931_length_1485_cov_67.6825_ID_23861	NODE_12255_length_1457_cov_91.9729_ID_24509	NODE_12341_length_1450_cov_99.2437_ID_24681	NODE_12705_length_1422_cov_60.4338_ID_25409	NODE_12956_length_1401_cov_137.011_ID_25911	NODE_13387_length_1367_cov_121.085_ID_26773	NODE_13674_length_1344_cov_45.6625_ID_27347	NODE_13900_length_1327_cov_133.977_ID_27799	NODE_13943_length_1323_cov_100.384_ID_27885	NODE_14042_length_1315_cov_266.43_ID_28083	NODE_14221_length_1303_cov_68.5929_ID_28441	NODE_14521_length_1283_cov_68.3265_ID_29041	NODE_14880_length_1259_cov_18.2907_ID_29759	NODE_14961_length_1254_cov_93.7198_ID_29921	NODE_15673_length_1213_cov_86.4249_ID_31345	NODE_15828_length_1205_cov_113.851_ID_31655	NODE_16129_length_1188_cov_62.1121_ID_32257	NODE_16714_length_1156_cov_33.3161_ID_33427	NODE_16853_length_1149_cov_123.368_ID_33705	NODE_17057_length_1138_cov_38.7267_ID_34113	NODE_17443_length_1120_cov_64.8056_ID_34885	NODE_18036_length_1092_cov_113.908_ID_36071	NODE_18073_length_1090_cov_88.543_ID_36145	NODE_18222_length_1081_cov_22.1803_ID_36443	NODE_18285_length_1079_cov_125.536_ID_36569	NODE_18422_length_1073_cov_121.687_ID_36843	NODE_18871_length_1055_cov_83.237_ID_37741	NODE_20248_length_1003_cov_99.4441_ID_40495	NODE_20528_length_994_cov_88.3056_ID_41055	NODE_20733_length_987_cov_96.7403_ID_41465	NODE_21294_length_967_cov_125.724_ID_42587	NODE_21598_length_956_cov_27.9556_ID_43195	NODE_21930_length_946_cov_97.7991_ID_43859	NODE_21989_length_944_cov_129.735_ID_43977	NODE_22367_length_932_cov_114.706_ID_44733	NODE_22473_length_929_cov_123.386_ID_44945	NODE_22641_length_923_cov_25.7097_ID_45281	NODE_23243_length_905_cov_79.0824_ID_46485	NODE_23306_length_903_cov_84.7642_ID_46611	NODE_23659_length_894_cov_72.3147_ID_47317	NODE_23702_length_893_cov_103.936_ID_47403	NODE_23794_length_890_cov_120.675_ID_47587	NODE_24432_length_874_cov_39.2808_ID_48863	NODE_24777_length_865_cov_33.4988_ID_49553	NODE_25044_length_858_cov_17.7758_ID_50087	NODE_25237_length_853_cov_122.668_ID_50473	NODE_25239_length_853_cov_129.588_ID_50477	NODE_25476_length_847_cov_118.625_ID_50951	NODE_25578_length_844_cov_124.411_ID_51155	NODE_25891_length_837_cov_15.1432_ID_51781	NODE_26009_length_834_cov_103.095_ID_52017	NODE_26222_length_829_cov_47.6214_ID_52443	NODE_26805_length_815_cov_100.196_ID_53609	NODE_26837_length_815_cov_101.316_ID_53673	NODE_27006_length_811_cov_104.499_ID_54011	NODE_27016_length_811_cov_59.7487_ID_54031	NODE_27087_length_809_cov_58.1021_ID_54173	NODE_27588_length_798_cov_23.8668_ID_55175	NODE_27952_length_790_cov_89.5442_ID_55903	NODE_27952_length_790_cov_89.5442_ID_55903	NODE_28206_length_784_cov_105.656_ID_56411	NODE_28208_length_784_cov_63.797_ID_56415	NODE_28851_length_770_cov_115.527_ID_57701	NODE_28888_length_769_cov_34.9636_ID_57775	NODE_29608_length_754_cov_33.9514_ID_59215	NODE_29625_length_754_cov_55.1946_ID_59249	NODE_29771_length_751_cov_35.4727_ID_59541	NODE_29816_length_750_cov_66.2115_ID_59631	NODE_30094_length_745_cov_105.681_ID_60187	NODE_30204_length_743_cov_35.2078_ID_60407	NODE_30320_length_741_cov_101.698_ID_60639	NODE_30693_length_734_cov_23.0957_ID_61385	NODE_30937_length_730_cov_99.2326_ID_61873	NODE_30948_length_730_cov_31.9274_ID_61895	NODE_30948_length_730_cov_31.9274_ID_61895	NODE_31572_length_718_cov_123.018_ID_63143	NODE_31584_length_718_cov_113.275_ID_63167	NODE_31871_length_713_cov_122.138_ID_63741	NODE_32298_length_706_cov_120.822_ID_64595	NODE_32460_length_703_cov_42.0355_ID_64919	NODE_32479_length_703_cov_95.6157_ID_64957	NODE_32723_length_699_cov_109.596_ID_65445	NODE_32857_length_697_cov_101.491_ID_65713	NODE_32861_length_697_cov_114.386_ID_65721	NODE_32863_length_697_cov_115.441_ID_65725	NODE_32983_length_694_cov_77.7433_ID_65965	NODE_33086_length_693_cov_107.782_ID_66171	NODE_33168_length_692_cov_125.403_ID_66335	NODE_33639_length_684_cov_120.803_ID_67277	NODE_33969_length_679_cov_105.207_ID_67937	NODE_34205_length_675_cov_116.202_ID_68409	NODE_34334_length_673_cov_115.683_ID_68667	NODE_34457_length_671_cov_129.724_ID_68913	NODE_34898_length_664_cov_112.45_ID_69795	NODE_35279_length_657_cov_28.8322_ID_70557	NODE_35325_length_657_cov_110.223_ID_70649	NODE_35325_length_657_cov_110.223_ID_70649	NODE_35360_length_656_cov_25.6988_ID_70719	NODE_35831_length_650_cov_96.3714_ID_71661	NODE_37190_length_630_cov_25.5217_ID_74379	NODE_37317_length_628_cov_41.0105_ID_74633	NODE_38239_length_616_cov_110.795_ID_76477	NODE_38492_length_612_cov_18.1688_ID_76983	NODE_38513_length_612_cov_79.2154_ID_77025	NODE_38819_length_608_cov_53.6076_ID_77637	NODE_39447_length_600_cov_106.901_ID_78893	NODE_39699_length_597_cov_20.1421_ID_79397	NODE_39885_length_594_cov_75.9666_ID_79769	NODE_39920_length_594_cov_104.297_ID_79839	NODE_40091_length_591_cov_37.1884_ID_80181	NODE_40137_length_591_cov_75.0914_ID_80273	NODE_40393_length_588_cov_48.439_ID_80785	NODE_41247_length_578_cov_90.2275_ID_82493	NODE_42369_length_566_cov_83.5812_ID_84737	NODE_42746_length_562_cov_71.5187_ID_85491	NODE_43193_length_557_cov_96.2948_ID_86385	NODE_44122_length_548_cov_109.517_ID_88243	NODE_44325_length_546_cov_87.0509_ID_88649	NODE_44515_length_544_cov_88.7382_ID_89029	NODE_44795_length_541_cov_54.284_ID_89589	NODE_44836_length_541_cov_114.426_ID_89671	NODE_44837_length_541_cov_131.292_ID_89673	NODE_45524_length_534_cov_23.2985_ID_91047	NODE_45659_length_533_cov_21.6339_ID_91317	NODE_45752_length_532_cov_122.526_ID_91503	NODE_47416_length_517_cov_128.316_ID_94831	NODE_48229_length_510_cov_35.1341_ID_96457	NODE_48375_length_509_cov_116.952_ID_96749	NODE_48498_length_508_cov_108.002_ID_96995	NODE_48591_length_507_cov_116.416_ID_97181	NODE_49090_length_503_cov_120.145_ID_98179	NODE_49406_length_500_cov_133.894_ID_98811
Veillonella_sp_oral_taxon_158_gi_313893691_ref_NZ_	NODE_28126_length_785_cov_28.8493_ID_56251	NODE_33638_length_684_cov_72.8537_ID_67275	NODE_302_length_24926_cov_13.1281_ID_603	NODE_606_length_13870_cov_51.4779_ID_1211	NODE_619_length_13714_cov_86.6093_ID_1237	NODE_810_length_10891_cov_84.0665_ID_1619	NODE_2190_length_5140_cov_86.9292_ID_4379	NODE_3909_length_3360_cov_87.0871_ID_7817	NODE_4400_length_3061_cov_106.241_ID_8799	NODE_6391_length_2339_cov_93.1458_ID_12781	NODE_6428_length_2334_cov_81.0162_ID_12855	NODE_7441_length_2090_cov_79.7592_ID_14881	NODE_8297_length_1932_cov_27.7405_ID_16593	NODE_14602_length_1278_cov_87.1799_ID_29203	NODE_14838_length_1262_cov_88.8525_ID_29675	NODE_16025_length_1193_cov_21.6432_ID_32049	NODE_25313_length_851_cov_110.415_ID_50625	NODE_26024_length_834_cov_102.65_ID_52047	NODE_31426_length_721_cov_87.3619_ID_62851	NODE_38931_length_606_cov_70.1742_ID_77861	NODE_47501_length_516_cov_75.0738_ID_95001
Veillonella_sp_oral_taxon_158_gi_313893618_ref_NZ_	NODE_701_length_12164_cov_86.8362_ID_1401	NODE_1334_length_7433_cov_40.0553_ID_2667	NODE_2062_length_5400_cov_105.217_ID_4123	NODE_2062_length_5400_cov_105.217_ID_4123	NODE_2737_length_4366_cov_88.483_ID_5473	NODE_2868_length_4235_cov_80.5012_ID_5735	NODE_2868_length_4235_cov_80.5012_ID_5735	NODE_3785_length_3441_cov_67.495_ID_7569	NODE_3851_length_3399_cov_96.3439_ID_7701	NODE_5946_length_2466_cov_86.1866_ID_11891	NODE_6970_length_2187_cov_51.5422_ID_13939	NODE_7591_length_2063_cov_88.2923_ID_15181	NODE_7759_length_2030_cov_55.5681_ID_15517	NODE_8785_length_1857_cov_92.8091_ID_17569	NODE_9758_length_1719_cov_87.3107_ID_19515	NODE_11519_length_1522_cov_83.332_ID_23037	NODE_11664_length_1510_cov_101.682_ID_23327	NODE_11723_length_1504_cov_87.254_ID_23445	NODE_12056_length_1475_cov_79.8324_ID_24111	NODE_12056_length_1475_cov_79.8324_ID_24111	NODE_14064_length_1313_cov_85.7933_ID_28127	NODE_15677_length_1213_cov_96.9603_ID_31353	NODE_15677_length_1213_cov_96.9603_ID_31353	NODE_15677_length_1213_cov_96.9603_ID_31353	NODE_15690_length_1212_cov_98.8107_ID_31379	NODE_16130_length_1188_cov_91.4793_ID_32259	NODE_17791_length_1103_cov_87.0782_ID_35581	NODE_17791_length_1103_cov_87.0782_ID_35581	NODE_17895_length_1098_cov_88.3816_ID_35789	NODE_18845_length_1056_cov_87.5425_ID_37689	NODE_20498_length_995_cov_39.2681_ID_40995	NODE_22943_length_914_cov_101.1_ID_45885	NODE_23293_length_904_cov_94.7244_ID_46585	NODE_29497_length_756_cov_48.98_ID_58993	NODE_31686_length_716_cov_85.5461_ID_63371	NODE_34332_length_673_cov_83.4887_ID_68663	NODE_35005_length_662_cov_101.657_ID_70009	NODE_35691_length_651_cov_79.1242_ID_71381	NODE_36560_length_639_cov_67.3065_ID_73119	NODE_38322_length_615_cov_79.0982_ID_76643	NODE_38338_length_615_cov_114.418_ID_76675	NODE_38861_length_607_cov_51.9819_ID_77721	NODE_40864_length_583_cov_144.797_ID_81727	NODE_43591_length_553_cov_61.512_ID_87181	NODE_49294_length_501_cov_76.0516_ID_98587
Veillonella_sp_oral_taxon_158_gi_313892832_ref_NZ_	NODE_4440_length_3044_cov_3.87989_ID_8879	NODE_6155_length_2403_cov_3.75043_ID_12309	NODE_17666_length_1108_cov_12.4349_ID_35331
Veillonella_sp_oral_taxon_158_gi_313893235_ref_NZ_	NODE_17426_length_1121_cov_13.031_ID_34851
Veillonella_sp_oral_taxon_158_gi_313894141_ref_NZ_	NODE_1883_length_5806_cov_94.7837_ID_3765	NODE_16647_length_1159_cov_517.125_ID_33293	NODE_17542_length_1115_cov_121.601_ID_35083	NODE_570_length_14842_cov_16.6262_ID_1139	NODE_1156_length_8424_cov_101.384_ID_2311	NODE_1404_length_7206_cov_82.5114_ID_2807	NODE_1559_length_6696_cov_27.2604_ID_3117	NODE_1582_length_6620_cov_38.9598_ID_3163	NODE_2200_length_5132_cov_92.192_ID_4399	NODE_2200_length_5132_cov_92.192_ID_4399	NODE_2200_length_5132_cov_92.192_ID_4399	NODE_2308_length_4966_cov_47.8434_ID_4615	NODE_2342_length_4899_cov_89.5446_ID_4683	NODE_2525_length_4622_cov_84.3817_ID_5049	NODE_2525_length_4622_cov_84.3817_ID_5049	NODE_2574_length_4552_cov_25.5884_ID_5147	NODE_2817_length_4284_cov_91.7103_ID_5633	NODE_2908_length_4176_cov_99.6365_ID_5815	NODE_2908_length_4176_cov_99.6365_ID_5815	NODE_2908_length_4176_cov_99.6365_ID_5815	NODE_3394_length_3745_cov_59.9829_ID_6787	NODE_3468_length_3676_cov_115.304_ID_6935	NODE_3731_length_3475_cov_78.3447_ID_7461	NODE_3767_length_3454_cov_105.918_ID_7533	NODE_3767_length_3454_cov_105.918_ID_7533	NODE_3948_length_3329_cov_91.3986_ID_7895	NODE_4215_length_3161_cov_53.2865_ID_8429	NODE_4252_length_3138_cov_9.7697_ID_8503	NODE_4452_length_3038_cov_43.354_ID_8903	NODE_4452_length_3038_cov_43.354_ID_8903	NODE_4703_length_2933_cov_99.893_ID_9405	NODE_4928_length_2844_cov_95.7974_ID_9855	NODE_5718_length_2539_cov_111.376_ID_11435	NODE_5718_length_2539_cov_111.376_ID_11435	NODE_6156_length_2403_cov_84.9225_ID_12311	NODE_6186_length_2396_cov_99.6822_ID_12371	NODE_6212_length_2388_cov_107.291_ID_12423	NODE_6571_length_2293_cov_46.3347_ID_13141	NODE_6571_length_2293_cov_46.3347_ID_13141	NODE_6578_length_2291_cov_69.7165_ID_13155	NODE_6671_length_2266_cov_34.9462_ID_13341	NODE_7712_length_2040_cov_95.8907_ID_15423	NODE_7729_length_2036_cov_18.8975_ID_15457	NODE_7839_length_2018_cov_70.9277_ID_15677	NODE_7839_length_2018_cov_70.9277_ID_15677	NODE_8031_length_1980_cov_38.2587_ID_16061	NODE_8885_length_1844_cov_4.89659_ID_17769	NODE_9912_length_1700_cov_18.828_ID_19823	NODE_10036_length_1684_cov_93.5648_ID_20071	NODE_10478_length_1628_cov_42.0534_ID_20955	NODE_10773_length_1595_cov_18.8935_ID_21545	NODE_11314_length_1541_cov_125.711_ID_22627	NODE_11402_length_1532_cov_110.901_ID_22803	NODE_11508_length_1523_cov_102.997_ID_23015	NODE_11623_length_1513_cov_89.9733_ID_23245	NODE_12193_length_1462_cov_25.9353_ID_24385	NODE_12364_length_1448_cov_44.6138_ID_24727	NODE_12497_length_1438_cov_32.2755_ID_24993	NODE_12549_length_1433_cov_49.4289_ID_25097	NODE_12702_length_1422_cov_48.82_ID_25403	NODE_12781_length_1415_cov_99.1757_ID_25561	NODE_13059_length_1393_cov_90.7257_ID_26117	NODE_13478_length_1360_cov_103.123_ID_26955	NODE_13500_length_1358_cov_41.1573_ID_26999	NODE_13753_length_1338_cov_69.4536_ID_27505	NODE_13762_length_1337_cov_14.8424_ID_27523	NODE_13821_length_1333_cov_83.5595_ID_27641	NODE_13945_length_1323_cov_100.559_ID_27889	NODE_14049_length_1314_cov_103.056_ID_28097	NODE_14118_length_1309_cov_68.2344_ID_28235	NODE_14190_length_1304_cov_7.15532_ID_28379	NODE_14386_length_1292_cov_118.412_ID_28771	NODE_14556_length_1281_cov_46.0832_ID_29111	NODE_14591_length_1279_cov_99.424_ID_29181	NODE_14723_length_1270_cov_117.244_ID_29445	NODE_14957_length_1254_cov_89.9224_ID_29913	NODE_15010_length_1251_cov_106.929_ID_30019	NODE_15274_length_1234_cov_65.497_ID_30547	NODE_15772_length_1207_cov_80.8915_ID_31543	NODE_15839_length_1204_cov_99.6484_ID_31677	NODE_15920_length_1200_cov_115.759_ID_31839	NODE_15964_length_1197_cov_77.9606_ID_31927	NODE_16044_length_1192_cov_75.7854_ID_32087	NODE_16171_length_1186_cov_104.274_ID_32341	NODE_16230_length_1183_cov_43.9433_ID_32459	NODE_16265_length_1180_cov_80.2044_ID_32529	NODE_16331_length_1177_cov_92.18_ID_32661	NODE_16332_length_1176_cov_98.2061_ID_32663	NODE_16715_length_1156_cov_50.4559_ID_33429	NODE_16776_length_1152_cov_67.3318_ID_33551	NODE_16776_length_1152_cov_67.3318_ID_33551	NODE_16790_length_1152_cov_94.804_ID_33579	NODE_16998_length_1141_cov_106.471_ID_33995	NODE_17123_length_1135_cov_121.645_ID_34245	NODE_17231_length_1130_cov_100.806_ID_34461	NODE_17516_length_1116_cov_57.3176_ID_35031	NODE_17837_length_1101_cov_99.2572_ID_35673	NODE_18000_length_1093_cov_46.0482_ID_35999	NODE_18139_length_1087_cov_138.882_ID_36277	NODE_18216_length_1082_cov_68.5579_ID_36431	NODE_18452_length_1071_cov_85.2589_ID_36903	NODE_18468_length_1070_cov_1.89655_ID_36935	NODE_18519_length_1068_cov_95.8095_ID_37037	NODE_18857_length_1056_cov_121.3_ID_37713	NODE_19012_length_1050_cov_93.2894_ID_38023	NODE_19120_length_1045_cov_5.55051_ID_38239	NODE_19225_length_1041_cov_108.48_ID_38449	NODE_20328_length_1000_cov_46.6169_ID_40655	NODE_20510_length_995_cov_112.947_ID_41019	NODE_20562_length_993_cov_96.1397_ID_41123	NODE_21035_length_976_cov_116.438_ID_42069	NODE_21064_length_975_cov_71.1391_ID_42127	NODE_21202_length_970_cov_12.5519_ID_42403	NODE_21228_length_969_cov_111.452_ID_42455	NODE_21842_length_948_cov_37.6999_ID_43683	NODE_21967_length_944_cov_1.86164_ID_43933	NODE_22406_length_931_cov_106.281_ID_44811	NODE_22780_length_919_cov_97.8403_ID_45559	NODE_23374_length_902_cov_106.044_ID_46747	NODE_23424_length_900_cov_63.1314_ID_46847	NODE_23436_length_900_cov_79.3858_ID_46871	NODE_23482_length_899_cov_127.867_ID_46963	NODE_23801_length_890_cov_114.777_ID_47601	NODE_24229_length_879_cov_101.833_ID_48457	NODE_24478_length_873_cov_99.0183_ID_48955	NODE_24889_length_862_cov_60.6084_ID_49777	NODE_25466_length_847_cov_84.9028_ID_50931	NODE_25580_length_844_cov_177.292_ID_51159	NODE_25580_length_844_cov_177.292_ID_51159	NODE_25583_length_844_cov_117.108_ID_51165	NODE_26105_length_831_cov_22.0863_ID_52209	NODE_26574_length_820_cov_1.96601_ID_53147	NODE_26595_length_820_cov_123.627_ID_53189	NODE_26716_length_817_cov_92.3924_ID_53431	NODE_27055_length_810_cov_121.073_ID_54109	NODE_27497_length_800_cov_114.162_ID_54993	NODE_27733_length_795_cov_115.814_ID_55465	NODE_27904_length_791_cov_104.766_ID_55807	NODE_28236_length_783_cov_47.0948_ID_56471	NODE_28264_length_783_cov_104.94_ID_56527	NODE_28438_length_779_cov_507.482_ID_56875	NODE_28798_length_771_cov_98.8282_ID_57595	NODE_29139_length_764_cov_65.3244_ID_58277	NODE_29184_length_763_cov_97.5085_ID_58367	NODE_29838_length_750_cov_59.1842_ID_59675	NODE_30131_length_744_cov_107.34_ID_60261	NODE_30764_length_733_cov_113.257_ID_61527	NODE_30832_length_732_cov_62.3575_ID_61663	NODE_31060_length_728_cov_124.923_ID_62119	NODE_31111_length_727_cov_26.186_ID_62221	NODE_31112_length_727_cov_104.409_ID_62223	NODE_31270_length_724_cov_100.196_ID_62539	NODE_31810_length_714_cov_42.5493_ID_63619	NODE_32045_length_710_cov_119.684_ID_64089	NODE_32237_length_707_cov_107.595_ID_64473	NODE_32355_length_705_cov_84.1523_ID_64709	NODE_32410_length_704_cov_82.4515_ID_64819	NODE_32563_length_701_cov_109.686_ID_65125	NODE_33276_length_690_cov_63.6976_ID_66551	NODE_33277_length_690_cov_24.4961_ID_66553	NODE_33467_length_687_cov_129.57_ID_66933	NODE_33668_length_683_cov_33.3201_ID_67335	NODE_33870_length_680_cov_100.269_ID_67739	NODE_34101_length_677_cov_109.656_ID_68201	NODE_34568_length_669_cov_65.2443_ID_69135	NODE_34568_length_669_cov_65.2443_ID_69135	NODE_34649_length_668_cov_266.804_ID_69297	NODE_34910_length_664_cov_118.094_ID_69819	NODE_34950_length_663_cov_65.7385_ID_69899	NODE_35832_length_650_cov_129.524_ID_71663	NODE_35969_length_648_cov_122.476_ID_71937	NODE_35969_length_648_cov_122.476_ID_71937	NODE_36211_length_644_cov_66.3718_ID_72421	NODE_36251_length_643_cov_7.92177_ID_72501	NODE_36357_length_642_cov_85.833_ID_72713	NODE_36626_length_638_cov_96.3173_ID_73251	NODE_36755_length_636_cov_114.546_ID_73509	NODE_36977_length_633_cov_21.192_ID_73953	NODE_36981_length_633_cov_99.5969_ID_73961	NODE_37547_length_625_cov_102.447_ID_75093	NODE_38084_length_618_cov_16.0568_ID_76167	NODE_38172_length_617_cov_118.913_ID_76343	NODE_38546_length_612_cov_124.007_ID_77091	NODE_38679_length_610_cov_112.052_ID_77357	NODE_38823_length_608_cov_102.024_ID_77645	NODE_38879_length_607_cov_67.5435_ID_77757	NODE_39004_length_605_cov_47.1418_ID_78007	NODE_39424_length_600_cov_152.312_ID_78847	NODE_40314_length_589_cov_128.273_ID_80627	NODE_40334_length_589_cov_128.281_ID_80667	NODE_40518_length_587_cov_117.891_ID_81035	NODE_40897_length_582_cov_29.2391_ID_81793	NODE_41260_length_578_cov_69.5774_ID_82519	NODE_41271_length_578_cov_125.797_ID_82541	NODE_41384_length_576_cov_62.6967_ID_82767	NODE_41810_length_572_cov_93.2843_ID_83619	NODE_42029_length_570_cov_96.3806_ID_84057	NODE_42195_length_568_cov_111.259_ID_84389	NODE_42386_length_566_cov_118.018_ID_84771	NODE_42899_length_560_cov_75.895_ID_85797	NODE_42915_length_560_cov_104.442_ID_85829	NODE_43420_length_554_cov_63.8357_ID_86839	NODE_43476_length_554_cov_13.3046_ID_86951	NODE_44348_length_546_cov_119.261_ID_88695	NODE_44630_length_543_cov_100.928_ID_89259	NODE_44702_length_542_cov_112.133_ID_89403	NODE_44838_length_541_cov_120.027_ID_89675	NODE_44923_length_540_cov_58.5134_ID_89845	NODE_45550_length_534_cov_97.7432_ID_91099	NODE_46487_length_525_cov_90.7021_ID_92973	NODE_46560_length_524_cov_85.9659_ID_93119	NODE_46599_length_523_cov_60.5577_ID_93197	NODE_47498_length_516_cov_104.375_ID_94995	NODE_48297_length_509_cov_47.3106_ID_96593	NODE_48542_length_507_cov_17.8761_ID_97083
Veillonella_sp_oral_taxon_158_gi_313893444_ref_NZ_	NODE_10106_length_1674_cov_12.491_ID_20211	NODE_20679_length_988_cov_53.6506_ID_41357	NODE_29837_length_750_cov_80.5871_ID_59673
Veillonella_sp_oral_taxon_158_gi_313892838_ref_NZ_	NODE_656_length_12984_cov_34.8488_ID_1311	NODE_791_length_11060_cov_39.8784_ID_1581	NODE_14388_length_1291_cov_36.6222_ID_28775	NODE_19291_length_1038_cov_63.4456_ID_38581	NODE_29649_length_753_cov_1.66476_ID_59297	NODE_49421_length_500_cov_109.155_ID_98841
