Sphingopyxis_sp_MC1_gi_489142006_ref_NZ_	NODE_4737_length_2317_cov_1.66357_ID_9473	NODE_8491_length_1245_cov_1.07395_ID_16981	NODE_14321_length_697_cov_0.753894_ID_28641	NODE_12677_length_799_cov_1.27419_ID_25353	NODE_14792_length_673_cov_1.16828_ID_29583	NODE_2498_length_4430_cov_2.12663_ID_4995	NODE_4313_length_2547_cov_10.986_ID_8625	NODE_5799_length_1871_cov_1.50165_ID_11597	NODE_7011_length_1541_cov_1.40848_ID_14021	NODE_9511_length_1099_cov_1.18966_ID_19021	NODE_10285_length_1010_cov_0.967539_ID_20569	NODE_11229_length_912_cov_0.946324_ID_22457	NODE_11950_length_851_cov_1.11558_ID_23899	NODE_12172_length_836_cov_1.15109_ID_24343	NODE_12357_length_823_cov_0.877604_ID_24713	NODE_12499_length_813_cov_0.897098_ID_24997	NODE_12895_length_784_cov_0.946502_ID_25789	NODE_13210_length_763_cov_0.954802_ID_26419	NODE_13352_length_752_cov_1.14491_ID_26703	NODE_13637_length_735_cov_0.958824_ID_27273	NODE_13703_length_731_cov_1.12722_ID_27405	NODE_13742_length_729_cov_0.924332_ID_27483	NODE_13971_length_716_cov_1.18306_ID_27941	NODE_14002_length_714_cov_0.983308_ID_28003	NODE_14101_length_709_cov_1.35015_ID_28201	NODE_14141_length_707_cov_0.788344_ID_28281	NODE_14353_length_695_cov_1.03906_ID_28705	NODE_14542_length_685_cov_1.22857_ID_29083	NODE_14738_length_676_cov_1.21095_ID_29475	NODE_14806_length_673_cov_0.938511_ID_29611	NODE_14967_length_665_cov_1.08033_ID_29933	NODE_15189_length_654_cov_1.19032_ID_30377	NODE_15208_length_654_cov_1.02504_ID_30415	NODE_15291_length_650_cov_1.2_ID_30581	NODE_15470_length_642_cov_1.26405_ID_30939	NODE_15486_length_641_cov_0.897611_ID_30971	NODE_15486_length_641_cov_0.897611_ID_30971	NODE_16247_length_610_cov_1.12793_ID_32493	NODE_16409_length_604_cov_0.901639_ID_32817	NODE_16793_length_590_cov_0.971963_ID_33585	NODE_16797_length_590_cov_0.685981_ID_33593	NODE_16826_length_589_cov_1.02622_ID_33651	NODE_16965_length_585_cov_1.08679_ID_33929	NODE_17009_length_583_cov_0.653409_ID_34017	NODE_17057_length_581_cov_0.752852_ID_34113	NODE_17132_length_579_cov_1.10687_ID_34263	NODE_17304_length_573_cov_1.25483_ID_34607	NODE_17322_length_573_cov_0.872587_ID_34643	NODE_17330_length_572_cov_0.804642_ID_34659	NODE_17383_length_570_cov_0.95534_ID_34765	NODE_17465_length_568_cov_1.02144_ID_34929	NODE_17545_length_565_cov_1.07647_ID_35089	NODE_17601_length_564_cov_1.43026_ID_35201	NODE_17611_length_563_cov_0.885827_ID_35221	NODE_17754_length_559_cov_1.40675_ID_35507	NODE_18003_length_552_cov_0.67002_ID_36005	NODE_18196_length_546_cov_0.761711_ID_36391	NODE_18208_length_546_cov_0.885947_ID_36415	NODE_18279_length_544_cov_0.957055_ID_36557	NODE_18322_length_543_cov_0.711066_ID_36643	NODE_18480_length_538_cov_0.902692_ID_36959	NODE_18510_length_537_cov_0.834025_ID_37019	NODE_18522_length_537_cov_1.10996_ID_37043	NODE_18785_length_530_cov_1.13895_ID_37569	NODE_18843_length_528_cov_0.97463_ID_37685	NODE_18953_length_526_cov_0.66879_ID_37905	NODE_19072_length_522_cov_0.845824_ID_38143	NODE_19572_length_509_cov_1.59912_ID_39143	NODE_19575_length_509_cov_0.854626_ID_39149	NODE_19606_length_508_cov_1.2362_ID_39211	NODE_19674_length_506_cov_0.855876_ID_39347	NODE_19823_length_503_cov_0.955357_ID_39645
Sphingopyxis_sp_MC1_gi_489140968_ref_NZ_	NODE_14430_length_690_cov_0.899213_ID_28859	NODE_1843_length_6081_cov_2.23116_ID_3685	NODE_12312_length_826_cov_0.819715_ID_24623	NODE_12867_length_787_cov_0.795082_ID_25733	NODE_13494_length_744_cov_1.06386_ID_26987	NODE_13741_length_729_cov_1.39466_ID_27481	NODE_14582_length_683_cov_1.02229_ID_29163	NODE_15106_length_659_cov_0.784768_ID_30211	NODE_15850_length_627_cov_1.37937_ID_31699	NODE_15860_length_626_cov_1.00876_ID_31719	NODE_16158_length_614_cov_0.88551_ID_32315	NODE_16382_length_605_cov_1.08364_ID_32763	NODE_16610_length_596_cov_0.931608_ID_33219	NODE_16732_length_592_cov_0.722533_ID_33463	NODE_16923_length_585_cov_1.00377_ID_33845	NODE_17096_length_580_cov_0.935238_ID_34191	NODE_17873_length_556_cov_0.738523_ID_35745	NODE_18099_length_549_cov_0.799595_ID_36197	NODE_18520_length_537_cov_0.838174_ID_37039	NODE_18627_length_534_cov_1.68894_ID_37253	NODE_19253_length_517_cov_1.19913_ID_38505
Sphingopyxis_sp_MC1_gi_489142610_ref_NZ_	NODE_10877_length_947_cov_0.915919_ID_21753	NODE_11463_length_889_cov_1.16427_ID_22925	NODE_12321_length_826_cov_0.997406_ID_24641	NODE_13705_length_731_cov_1.21598_ID_27409	NODE_14572_length_684_cov_1.43243_ID_29143	NODE_14867_length_670_cov_0.925203_ID_29733	NODE_16881_length_587_cov_1.25_ID_33761	NODE_16905_length_586_cov_1.25612_ID_33809	NODE_17178_length_577_cov_1.03831_ID_34355	NODE_18535_length_537_cov_1.21992_ID_37069	NODE_18618_length_535_cov_0.825_ID_37235	NODE_19176_length_519_cov_0.892241_ID_38351	NODE_19638_length_507_cov_1_ID_39275
Sphingopyxis_sp_MC1_gi_489141135_ref_NZ_	NODE_11065_length_930_cov_1.00114_ID_22129	NODE_14133_length_707_cov_1.12883_ID_28265	NODE_15151_length_656_cov_0.900166_ID_30301	NODE_18341_length_542_cov_0.813142_ID_36681	NODE_19501_length_510_cov_0.843956_ID_39001	NODE_19830_length_503_cov_0.984375_ID_39659
Sphingopyxis_sp_MC1_gi_489135109_ref_NZ_	NODE_19121_length_520_cov_0.91828_ID_38241	NODE_16989_length_584_cov_1.06049_ID_33977	NODE_15455_length_642_cov_1.18569_ID_30909	NODE_1436_length_7865_cov_2.54699_ID_2871	NODE_1810_length_6187_cov_2034.95_ID_3619	NODE_2145_length_5122_cov_2.31616_ID_4289	NODE_2955_length_3735_cov_11.7516_ID_5909	NODE_3002_length_3668_cov_2.45309_ID_6003	NODE_3781_length_2916_cov_2.08528_ID_7561	NODE_6099_length_1773_cov_2.03376_ID_12197	NODE_6495_length_1664_cov_2.01927_ID_12989	NODE_7207_length_1491_cov_1.31128_ID_14413	NODE_7421_length_1445_cov_11.1568_ID_14841	NODE_8056_length_1320_cov_1.76917_ID_16111	NODE_8804_length_1195_cov_1.15175_ID_17607	NODE_9059_length_1157_cov_0.950091_ID_18117	NODE_9163_length_1144_cov_2_ID_18325	NODE_9518_length_1098_cov_0.894535_ID_19035	NODE_9850_length_1061_cov_1.36581_ID_19699	NODE_10461_length_991_cov_1.03205_ID_20921	NODE_10530_length_984_cov_1.55651_ID_21059	NODE_10739_length_962_cov_1.16648_ID_21477	NODE_10793_length_956_cov_0.987791_ID_21585	NODE_10879_length_947_cov_0.872197_ID_21757	NODE_11123_length_923_cov_0.74424_ID_22245	NODE_11316_length_903_cov_1.14033_ID_22631	NODE_11405_length_895_cov_1.26429_ID_22809	NODE_11467_length_888_cov_1.01561_ID_22933	NODE_11677_length_871_cov_0.995098_ID_23353	NODE_11697_length_870_cov_1.06258_ID_23393	NODE_11921_length_854_cov_1.21777_ID_23841	NODE_12119_length_840_cov_1.20637_ID_24237	NODE_12346_length_824_cov_0.989597_ID_24691	NODE_12522_length_811_cov_0.806878_ID_25043	NODE_12827_length_788_cov_0.929059_ID_25653	NODE_12864_length_787_cov_0.990437_ID_25727	NODE_12868_length_786_cov_0.696306_ID_25735	NODE_12908_length_783_cov_0.976648_ID_25815	NODE_12962_length_780_cov_1.16414_ID_25923	NODE_13141_length_767_cov_0.769663_ID_26281	NODE_13143_length_766_cov_1.05907_ID_26285	NODE_13526_length_742_cov_1.03493_ID_27051	NODE_13548_length_741_cov_0.797376_ID_27095	NODE_13633_length_735_cov_1.00735_ID_27265	NODE_13685_length_731_cov_1.00296_ID_27369	NODE_14005_length_714_cov_0.799697_ID_28009	NODE_14055_length_711_cov_0.998476_ID_28109	NODE_14065_length_711_cov_1.05793_ID_28129	NODE_14086_length_710_cov_1.17557_ID_28171	NODE_14110_length_708_cov_0.969372_ID_28219	NODE_14161_length_706_cov_1.16436_ID_28321	NODE_14275_length_699_cov_0.947205_ID_28549	NODE_14432_length_690_cov_0.823622_ID_28863	NODE_14454_length_689_cov_1.28076_ID_28907	NODE_14695_length_678_cov_0.799358_ID_29389	NODE_14725_length_676_cov_0.750403_ID_29449	NODE_14761_length_674_cov_0.838449_ID_29521	NODE_14808_length_672_cov_0.794165_ID_29615	NODE_14861_length_670_cov_1.32033_ID_29721	NODE_14878_length_669_cov_0.76873_ID_29755	NODE_14981_length_664_cov_1.16256_ID_29961	NODE_15232_length_653_cov_1.20903_ID_30463	NODE_15477_length_641_cov_1.14846_ID_30953	NODE_15505_length_640_cov_0.962393_ID_31009	NODE_15587_length_637_cov_0.797251_ID_31173	NODE_15684_length_633_cov_0.65917_ID_31367	NODE_15727_length_631_cov_1.06076_ID_31453	NODE_15781_length_629_cov_1.02962_ID_31561	NODE_15791_length_629_cov_0.956446_ID_31581	NODE_15828_length_627_cov_0.826923_ID_31655	NODE_15878_length_625_cov_0.778947_ID_31755	NODE_15943_length_623_cov_0.966549_ID_31885	NODE_15984_length_622_cov_1.06526_ID_31967	NODE_16105_length_616_cov_1.54367_ID_32209	NODE_16315_length_607_cov_1.06159_ID_32629	NODE_16486_length_601_cov_1.01832_ID_32971	NODE_16658_length_595_cov_1.28704_ID_33315	NODE_16701_length_593_cov_0.962825_ID_33401	NODE_16703_length_593_cov_1.34758_ID_33405	NODE_16823_length_589_cov_1.63296_ID_33645	NODE_16825_length_589_cov_0.835206_ID_33649	NODE_16846_length_588_cov_1.0469_ID_33691	NODE_16884_length_587_cov_0.962406_ID_33767	NODE_17017_length_583_cov_1.54545_ID_34033	NODE_17069_length_581_cov_1.05894_ID_34137	NODE_17114_length_579_cov_0.805344_ID_34227	NODE_17115_length_579_cov_1.42748_ID_34229	NODE_17127_length_579_cov_0.669847_ID_34253	NODE_17146_length_579_cov_1.75573_ID_34291	NODE_17226_length_576_cov_0.836852_ID_34451	NODE_17402_length_570_cov_1.46602_ID_34803	NODE_17461_length_568_cov_0.955166_ID_34921	NODE_17521_length_566_cov_1.04501_ID_35041	NODE_17751_length_559_cov_0.952381_ID_35501	NODE_17758_length_559_cov_1.21627_ID_35515	NODE_17783_length_558_cov_1.00795_ID_35565	NODE_17902_length_555_cov_1.08_ID_35803	NODE_18104_length_549_cov_1.00607_ID_36207	NODE_18174_length_547_cov_0.99187_ID_36347	NODE_18175_length_547_cov_0.745935_ID_36349	NODE_18188_length_547_cov_1.08537_ID_36375	NODE_18230_length_546_cov_0.934827_ID_36459	NODE_18348_length_542_cov_0.889117_ID_36695	NODE_18472_length_538_cov_1.21532_ID_36943	NODE_18518_length_537_cov_0.817427_ID_37035	NODE_18587_length_536_cov_1.02911_ID_37173	NODE_18690_length_533_cov_0.882845_ID_37379	NODE_18850_length_528_cov_0.765328_ID_37699	NODE_18897_length_527_cov_0.997881_ID_37793	NODE_18898_length_527_cov_1.05085_ID_37795	NODE_18998_length_524_cov_0.946695_ID_37995	NODE_19025_length_523_cov_0.833333_ID_38049	NODE_19052_length_522_cov_1.17773_ID_38103	NODE_19056_length_522_cov_0.852248_ID_38111	NODE_19111_length_521_cov_1.24678_ID_38221	NODE_19166_length_519_cov_0.896552_ID_38331	NODE_19307_length_516_cov_0.91757_ID_38613	NODE_19328_length_515_cov_0.626087_ID_38655	NODE_19465_length_511_cov_1.13158_ID_38929	NODE_19484_length_511_cov_0.903509_ID_38967	NODE_19488_length_511_cov_0.813596_ID_38975	NODE_19541_length_510_cov_1.05934_ID_39081	NODE_19615_length_508_cov_1.07947_ID_39229	NODE_19678_length_506_cov_0.773836_ID_39355	NODE_19715_length_505_cov_1.02667_ID_39429	NODE_19717_length_505_cov_0.717778_ID_39433	NODE_19936_length_500_cov_1.09438_ID_39871
Sphingopyxis_sp_MC1_gi_489139870_ref_NZ_	NODE_13754_length_728_cov_1.30906_ID_27507	NODE_2021_length_5504_cov_8.588_ID_4041	NODE_2987_length_3689_cov_2.21822_ID_5973	NODE_4065_length_2700_cov_3.42231_ID_8129	NODE_6640_length_1628_cov_2.55435_ID_13279	NODE_8010_length_1329_cov_0.94113_ID_16019	NODE_8254_length_1287_cov_1.54058_ID_16507	NODE_9463_length_1104_cov_1.0734_ID_18925	NODE_9714_length_1075_cov_1.42941_ID_19427	NODE_10619_length_974_cov_1.13819_ID_21237	NODE_11618_length_876_cov_1.37028_ID_23235	NODE_11713_length_869_cov_0.961916_ID_23425	NODE_14175_length_705_cov_1.45692_ID_28349	NODE_14517_length_686_cov_1.29319_ID_29033	NODE_14764_length_674_cov_1.08078_ID_29527	NODE_15163_length_656_cov_0.843594_ID_30325	NODE_15203_length_654_cov_1.14524_ID_30405	NODE_15237_length_652_cov_1.17253_ID_30473	NODE_15709_length_632_cov_0.743501_ID_31417	NODE_15843_length_627_cov_1.48776_ID_31685	NODE_16007_length_620_cov_1.09027_ID_32013	NODE_16364_length_605_cov_0.989091_ID_32727	NODE_16534_length_599_cov_0.748162_ID_33067	NODE_16543_length_598_cov_0.718232_ID_33085	NODE_16815_length_589_cov_0.983146_ID_33629	NODE_16958_length_585_cov_0.892453_ID_33915	NODE_17070_length_581_cov_1.11217_ID_34139	NODE_17212_length_576_cov_0.806142_ID_34423	NODE_17309_length_573_cov_1.16988_ID_34617	NODE_17682_length_561_cov_0.77668_ID_35363	NODE_17748_length_559_cov_1.50198_ID_35495	NODE_17922_length_555_cov_1.196_ID_35843	NODE_17955_length_554_cov_1.05812_ID_35909	NODE_18202_length_546_cov_0.800407_ID_36403	NODE_18349_length_542_cov_0.958932_ID_36697	NODE_18666_length_533_cov_0.809623_ID_37331	NODE_18797_length_530_cov_0.829474_ID_37593	NODE_19096_length_521_cov_1.09227_ID_38191	NODE_19256_length_517_cov_1.25758_ID_38511	NODE_19472_length_511_cov_0.605263_ID_38943	NODE_19549_length_509_cov_0.988987_ID_39097
Sphingopyxis_sp_MC1_gi_489138704_ref_NZ_	NODE_16485_length_601_cov_0.981685_ID_32969
Sphingopyxis_sp_MC1_gi_489140718_ref_NZ_	NODE_611_length_19120_cov_13.7352_ID_1221	NODE_4737_length_2317_cov_1.66357_ID_9473	NODE_5482_length_1988_cov_11.195_ID_10963	NODE_5840_length_1857_cov_2.22642_ID_11679	NODE_8019_length_1327_cov_1.56211_ID_16037	NODE_9675_length_1079_cov_1.52246_ID_19349	NODE_12616_length_803_cov_0.875668_ID_25231	NODE_12788_length_792_cov_0.888738_ID_25575	NODE_13561_length_741_cov_0.721574_ID_27121	NODE_14067_length_710_cov_0.796947_ID_28133	NODE_14430_length_690_cov_0.899213_ID_28859	NODE_14573_length_683_cov_0.872611_ID_29145	NODE_15257_length_652_cov_1.22948_ID_30513	NODE_15397_length_645_cov_1.55763_ID_30793	NODE_15549_length_638_cov_0.830189_ID_31097	NODE_15641_length_635_cov_1.08793_ID_31281	NODE_15825_length_627_cov_1.25874_ID_31649	NODE_16121_length_615_cov_1.39643_ID_32241	NODE_16183_length_613_cov_1.18459_ID_32365	NODE_16291_length_608_cov_0.96745_ID_32581	NODE_16321_length_607_cov_0.95471_ID_32641	NODE_16390_length_604_cov_1.03279_ID_32779	NODE_16559_length_598_cov_0.804788_ID_33117	NODE_16876_length_587_cov_1.11466_ID_33751	NODE_16920_length_586_cov_0.702448_ID_33839	NODE_17082_length_580_cov_1.03429_ID_34163	NODE_17154_length_578_cov_0.852772_ID_34307	NODE_17428_length_569_cov_1.73346_ID_34855	NODE_17476_length_567_cov_1.38477_ID_34951	NODE_17698_length_561_cov_0.79249_ID_35395	NODE_17861_length_556_cov_0.536926_ID_35721	NODE_18043_length_551_cov_1.23387_ID_36085	NODE_18504_length_537_cov_1.1722_ID_37007	NODE_18756_length_531_cov_1.12395_ID_37511	NODE_18867_length_528_cov_0.928118_ID_37733	NODE_18908_length_527_cov_1.44068_ID_37815	NODE_19495_length_511_cov_1.24342_ID_38989	NODE_19845_length_502_cov_1.11857_ID_39689
Sphingopyxis_sp_MC1_gi_489130951_ref_NZ_	NODE_15065_length_661_cov_1.08911_ID_30129	NODE_10588_length_977_cov_1.00542_ID_21175	NODE_16849_length_588_cov_0.748593_ID_33697	NODE_315_length_32437_cov_13.3879_ID_629	NODE_323_length_31375_cov_12.8895_ID_645	NODE_1798_length_6225_cov_2.16937_ID_3595	NODE_2115_length_5204_cov_1.85725_ID_4229	NODE_2899_length_3800_cov_2.16155_ID_5797	NODE_3158_length_3499_cov_2.67741_ID_6315	NODE_4129_length_2658_cov_1.97388_ID_8257	NODE_4781_length_2297_cov_1.75825_ID_9561	NODE_6260_length_1728_cov_2.21757_ID_12519	NODE_6501_length_1663_cov_1.77488_ID_13001	NODE_6717_length_1612_cov_0.973667_ID_13433	NODE_7028_length_1534_cov_1.405_ID_14055	NODE_7807_length_1367_cov_1.51677_ID_15613	NODE_8090_length_1313_cov_1.03021_ID_16179	NODE_8093_length_1313_cov_1.03975_ID_16185	NODE_8244_length_1288_cov_0.95296_ID_16487	NODE_8515_length_1243_cov_1.34259_ID_17029	NODE_8539_length_1239_cov_1.27196_ID_17077	NODE_8742_length_1205_cov_1.0713_ID_17483	NODE_8922_length_1175_cov_0.998214_ID_17843	NODE_9199_length_1140_cov_0.929954_ID_18397	NODE_9215_length_1138_cov_12.9594_ID_18429	NODE_9300_length_1126_cov_1.70401_ID_18599	NODE_9523_length_1097_cov_1.09885_ID_19045	NODE_9651_length_1083_cov_1.73735_ID_19301	NODE_9803_length_1066_cov_1.37092_ID_19605	NODE_9848_length_1061_cov_0.94831_ID_19695	NODE_9885_length_1056_cov_1.57942_ID_19769	NODE_9971_length_1045_cov_1.40909_ID_19941	NODE_10143_length_1025_cov_1.11134_ID_20285	NODE_10146_length_1025_cov_0.859794_ID_20291	NODE_10231_length_1016_cov_0.950052_ID_20461	NODE_10401_length_998_cov_0.910923_ID_20801	NODE_10885_length_946_cov_1.3468_ID_21769	NODE_10930_length_943_cov_1.32432_ID_21859	NODE_11039_length_933_cov_1.37813_ID_22077	NODE_11051_length_932_cov_0.848347_ID_22101	NODE_11117_length_924_cov_1.3015_ID_22233	NODE_11182_length_916_cov_1.18467_ID_22363	NODE_11343_length_901_cov_0.977541_ID_22685	NODE_11455_length_890_cov_0.881437_ID_22909	NODE_11620_length_875_cov_0.682927_ID_23239	NODE_11798_length_862_cov_0.830235_ID_23595	NODE_11952_length_851_cov_0.830402_ID_23903	NODE_11952_length_851_cov_0.830402_ID_23903	NODE_12179_length_835_cov_0.923077_ID_24357	NODE_12229_length_832_cov_1.54955_ID_24457	NODE_12229_length_832_cov_1.54955_ID_24457	NODE_12334_length_825_cov_0.951948_ID_24667	NODE_12443_length_816_cov_1.49277_ID_24885	NODE_12549_length_809_cov_0.806366_ID_25097	NODE_12570_length_808_cov_1.4834_ID_25139	NODE_12603_length_804_cov_0.636849_ID_25205	NODE_12645_length_802_cov_1.64659_ID_25289	NODE_12756_length_794_cov_0.926928_ID_25511	NODE_12795_length_791_cov_0.82337_ID_25589	NODE_13088_length_770_cov_1.24476_ID_26175	NODE_13090_length_770_cov_0.927273_ID_26179	NODE_13133_length_767_cov_1.10674_ID_26265	NODE_13204_length_763_cov_1.59322_ID_26407	NODE_13269_length_758_cov_1.02845_ID_26537	NODE_13292_length_756_cov_1.08559_ID_26583	NODE_13330_length_754_cov_0.95422_ID_26659	NODE_13403_length_749_cov_1.05476_ID_26805	NODE_13410_length_749_cov_0.71902_ID_26819	NODE_13473_length_746_cov_0.727931_ID_26945	NODE_13599_length_738_cov_0.871157_ID_27197	NODE_13706_length_731_cov_1.22633_ID_27411	NODE_13842_length_723_cov_1.02844_ID_27683	NODE_13947_length_717_cov_1.45468_ID_27893	NODE_14050_length_712_cov_0.974125_ID_28099	NODE_14103_length_709_cov_1.02141_ID_28205	NODE_14138_length_707_cov_1.10429_ID_28275	NODE_14297_length_698_cov_0.874028_ID_28593	NODE_14307_length_697_cov_0.909657_ID_28613	NODE_14328_length_697_cov_0.976636_ID_28655	NODE_14348_length_695_cov_0.892188_ID_28695	NODE_14367_length_694_cov_1.30673_ID_28733	NODE_14429_length_690_cov_0.925984_ID_28857	NODE_14471_length_688_cov_0.919431_ID_28941	NODE_14496_length_688_cov_0.742496_ID_28991	NODE_14574_length_683_cov_0.748408_ID_29147	NODE_14586_length_683_cov_1.03981_ID_29171	NODE_14599_length_682_cov_1.44657_ID_29197	NODE_14717_length_677_cov_0.930868_ID_29433	NODE_14752_length_675_cov_1.38548_ID_29503	NODE_14836_length_671_cov_0.951299_ID_29671	NODE_14876_length_669_cov_1.10423_ID_29751	NODE_14939_length_666_cov_0.864157_ID_29877	NODE_15038_length_662_cov_0.876442_ID_30075	NODE_15041_length_662_cov_0.975288_ID_30081	NODE_15073_length_661_cov_2.31683_ID_30145	NODE_15144_length_657_cov_0.923588_ID_30287	NODE_15157_length_656_cov_1.09983_ID_30313	NODE_15464_length_642_cov_0.712095_ID_30927	NODE_15482_length_641_cov_1.14846_ID_30963	NODE_15501_length_641_cov_0.819113_ID_31001	NODE_15517_length_640_cov_1.27863_ID_31033	NODE_15544_length_638_cov_1.2024_ID_31087	NODE_15600_length_636_cov_0.638554_ID_31199	NODE_15696_length_632_cov_0.741768_ID_31391	NODE_15704_length_632_cov_0.878683_ID_31407	NODE_15742_length_631_cov_1.17882_ID_31483	NODE_15777_length_629_cov_0.937282_ID_31553	NODE_15846_length_627_cov_0.958042_ID_31691	NODE_15928_length_624_cov_1.01406_ID_31855	NODE_15928_length_624_cov_1.01406_ID_31855	NODE_16008_length_620_cov_1.03717_ID_32015	NODE_16033_length_619_cov_1.24468_ID_32065	NODE_16040_length_619_cov_1.07624_ID_32079	NODE_16042_length_619_cov_1.00532_ID_32083	NODE_16100_length_616_cov_0.934046_ID_32199	NODE_16180_length_613_cov_1.06272_ID_32359	NODE_16219_length_611_cov_0.732014_ID_32437	NODE_16269_length_609_cov_1.01805_ID_32537	NODE_16275_length_609_cov_1.19314_ID_32549	NODE_16288_length_608_cov_1.09222_ID_32575	NODE_16294_length_608_cov_0.9783_ID_32587	NODE_16301_length_608_cov_1.11754_ID_32601	NODE_16339_length_606_cov_0.981851_ID_32677	NODE_16360_length_605_cov_1.32909_ID_32719	NODE_16361_length_605_cov_1.00909_ID_32721	NODE_16424_length_603_cov_1.05292_ID_32847	NODE_16452_length_602_cov_0.817185_ID_32903	NODE_16483_length_601_cov_0.948718_ID_32965	NODE_16687_length_594_cov_1.00371_ID_33373	NODE_16753_length_591_cov_0.699627_ID_33505	NODE_16787_length_590_cov_0.996262_ID_33573	NODE_16840_length_588_cov_1.49343_ID_33679	NODE_16841_length_588_cov_1.14259_ID_33681	NODE_16910_length_586_cov_1.64595_ID_33819	NODE_16989_length_584_cov_1.06049_ID_33977	NODE_16992_length_584_cov_0.638941_ID_33983	NODE_17158_length_578_cov_0.873805_ID_34315	NODE_17176_length_577_cov_1.02299_ID_34351	NODE_17257_length_575_cov_1.08269_ID_34513	NODE_17286_length_574_cov_0.911368_ID_34571	NODE_17290_length_574_cov_1.28516_ID_34579	NODE_17300_length_573_cov_0.754826_ID_34599	NODE_17302_length_573_cov_1.0251_ID_34603	NODE_17303_length_573_cov_0.944015_ID_34605	NODE_17323_length_573_cov_1.73166_ID_34645	NODE_17358_length_571_cov_1.44961_ID_34715	NODE_17388_length_570_cov_1.19806_ID_34775	NODE_17417_length_569_cov_0.998054_ID_34833	NODE_17429_length_569_cov_1.12646_ID_34857	NODE_17435_length_569_cov_1.15564_ID_34869	NODE_17470_length_568_cov_1.00195_ID_34939	NODE_17482_length_567_cov_0.59375_ID_34963	NODE_17635_length_563_cov_1.03346_ID_35269	NODE_17708_length_560_cov_0.685149_ID_35415	NODE_17790_length_558_cov_0.992048_ID_35579	NODE_17805_length_558_cov_1.36581_ID_35609	NODE_17863_length_556_cov_0.966068_ID_35725	NODE_17868_length_556_cov_0.854291_ID_35735	NODE_17881_length_556_cov_0.806387_ID_35761	NODE_17948_length_554_cov_1.10822_ID_35895	NODE_17971_length_553_cov_0.949799_ID_35941	NODE_18038_length_551_cov_0.72379_ID_36075	NODE_18039_length_551_cov_0.979839_ID_36077	NODE_18060_length_550_cov_1.09495_ID_36119	NODE_18116_length_548_cov_0.864097_ID_36231	NODE_18132_length_548_cov_0.72211_ID_36263	NODE_18212_length_546_cov_1.14664_ID_36423	NODE_18284_length_544_cov_0.779141_ID_36567	NODE_18310_length_543_cov_0.887295_ID_36619	NODE_18330_length_543_cov_0.922131_ID_36659	NODE_18360_length_542_cov_0.790554_ID_36719	NODE_18435_length_539_cov_1.1219_ID_36869	NODE_18443_length_539_cov_0.799587_ID_36885	NODE_18460_length_538_cov_0.84265_ID_36919	NODE_18462_length_538_cov_0.956522_ID_36923	NODE_18580_length_536_cov_1.13306_ID_37159	NODE_18615_length_535_cov_1.16458_ID_37229	NODE_18662_length_533_cov_1.00209_ID_37323	NODE_18669_length_533_cov_0.853556_ID_37337	NODE_18678_length_533_cov_1.16946_ID_37355	NODE_18731_length_531_cov_1.0021_ID_37461	NODE_18734_length_531_cov_0.878151_ID_37467	NODE_18879_length_527_cov_0.970339_ID_37757	NODE_18882_length_527_cov_1.22246_ID_37763	NODE_18947_length_526_cov_0.823779_ID_37893	NODE_19007_length_524_cov_0.867804_ID_38013	NODE_19040_length_522_cov_1.72163_ID_38079	NODE_19078_length_521_cov_0.869099_ID_38155	NODE_19081_length_521_cov_0.995708_ID_38161	NODE_19149_length_520_cov_1.67312_ID_38297	NODE_19243_length_517_cov_0.917749_ID_38485	NODE_19261_length_517_cov_1.6645_ID_38521	NODE_19264_length_517_cov_0.848485_ID_38527	NODE_19318_length_515_cov_0.8_ID_38635	NODE_19324_length_515_cov_1.27174_ID_38647	NODE_19420_length_513_cov_0.9869_ID_38839	NODE_19496_length_511_cov_1.09649_ID_38991	NODE_19540_length_510_cov_1.35824_ID_39079	NODE_19563_length_509_cov_0.980176_ID_39125	NODE_19584_length_509_cov_1.28414_ID_39167	NODE_19589_length_508_cov_0.84106_ID_39177	NODE_19708_length_505_cov_0.802222_ID_39415	NODE_19739_length_505_cov_1.16_ID_39477	NODE_19751_length_504_cov_1.08018_ID_39501	NODE_19765_length_504_cov_0.737194_ID_39529	NODE_19795_length_504_cov_1.71269_ID_39589	NODE_19856_length_502_cov_0.852349_ID_39711	NODE_19887_length_501_cov_1.04484_ID_39773	NODE_19896_length_501_cov_0.93722_ID_39791	NODE_19904_length_501_cov_0.955157_ID_39807
Sphingopyxis_sp_MC1_gi_489137403_ref_NZ_	NODE_18764_length_531_cov_0.678571_ID_37527	NODE_167_length_50890_cov_49.1113_ID_333	NODE_684_length_17269_cov_12.8232_ID_1367	NODE_885_length_13589_cov_13.9034_ID_1769	NODE_5480_length_1988_cov_2.09364_ID_10959	NODE_5881_length_1842_cov_1.84723_ID_11761	NODE_6087_length_1777_cov_1.28049_ID_12173	NODE_6959_length_1552_cov_0.784235_ID_13917	NODE_7444_length_1440_cov_1.41877_ID_14887	NODE_8567_length_1232_cov_1.1198_ID_17133	NODE_8741_length_1205_cov_1.5_ID_17481	NODE_8943_length_1173_cov_1.11717_ID_17885	NODE_9382_length_1114_cov_1.11143_ID_18763	NODE_9937_length_1049_cov_1.11066_ID_19873	NODE_10172_length_1022_cov_1.10858_ID_20343	NODE_11290_length_905_cov_1.38824_ID_22579	NODE_11304_length_904_cov_1.40047_ID_22607	NODE_11318_length_903_cov_1.00354_ID_22635	NODE_11398_length_895_cov_1.3_ID_22795	NODE_11556_length_882_cov_1.04111_ID_23111	NODE_11894_length_855_cov_0.88375_ID_23787	NODE_12057_length_844_cov_1.22053_ID_24113	NODE_12267_length_830_cov_0.996129_ID_24533	NODE_12384_length_821_cov_1.60444_ID_24767	NODE_12639_length_802_cov_1.04819_ID_25277	NODE_12837_length_788_cov_1.27422_ID_25673	NODE_12887_length_784_cov_1.14952_ID_25773	NODE_12893_length_784_cov_1.12071_ID_25785	NODE_13077_length_771_cov_1.14246_ID_26153	NODE_13527_length_742_cov_0.949054_ID_27053	NODE_13574_length_740_cov_1.67299_ID_27147	NODE_13592_length_738_cov_1.14788_ID_27183	NODE_14021_length_713_cov_0.68997_ID_28041	NODE_14026_length_713_cov_1.04559_ID_28051	NODE_14147_length_706_cov_0.983103_ID_28293	NODE_14199_length_704_cov_0.983051_ID_28397	NODE_14261_length_700_cov_1.06047_ID_28521	NODE_14508_length_687_cov_1.40823_ID_29015	NODE_14980_length_664_cov_1.04762_ID_29959	NODE_14997_length_664_cov_1.36289_ID_29993	NODE_15006_length_663_cov_1.23026_ID_30011	NODE_15107_length_659_cov_0.758278_ID_30213	NODE_15265_length_651_cov_1.47987_ID_30529	NODE_15342_length_647_cov_1.01858_ID_30683	NODE_15356_length_647_cov_0.753378_ID_30711	NODE_15418_length_644_cov_1.19864_ID_30835	NODE_15448_length_643_cov_0.977891_ID_30895	NODE_15511_length_640_cov_0.916239_ID_31021	NODE_15665_length_634_cov_1.13817_ID_31329	NODE_15675_length_633_cov_0.915225_ID_31349	NODE_15723_length_631_cov_1.01215_ID_31445	NODE_15810_length_628_cov_0.910995_ID_31619	NODE_16234_length_610_cov_0.717117_ID_32467	NODE_16443_length_602_cov_0.709324_ID_32885	NODE_16484_length_601_cov_0.639194_ID_32967	NODE_16492_length_601_cov_0.913919_ID_32983	NODE_16516_length_599_cov_1.06985_ID_33031	NODE_16615_length_596_cov_1.55268_ID_33229	NODE_16698_length_593_cov_0.832714_ID_33395	NODE_16842_length_588_cov_0.97561_ID_33683	NODE_16904_length_586_cov_0.836158_ID_33807	NODE_16936_length_585_cov_0.924528_ID_33871	NODE_17003_length_583_cov_0.638258_ID_34005	NODE_17021_length_583_cov_0.744318_ID_34041	NODE_17126_length_579_cov_1.6145_ID_34251	NODE_17223_length_576_cov_1.15739_ID_34445	NODE_17224_length_576_cov_0.90595_ID_34447	NODE_17284_length_574_cov_0.924855_ID_34567	NODE_17294_length_574_cov_0.830443_ID_34587	NODE_17316_length_573_cov_1.49228_ID_34631	NODE_17363_length_571_cov_0.751938_ID_34725	NODE_17400_length_570_cov_1.16311_ID_34799	NODE_17475_length_567_cov_1.20117_ID_34949	NODE_17499_length_567_cov_0.878906_ID_34997	NODE_17531_length_566_cov_1.61252_ID_35061	NODE_17566_length_565_cov_0.766667_ID_35131	NODE_17666_length_562_cov_0.895464_ID_35331	NODE_17713_length_560_cov_1.06733_ID_35425	NODE_17789_length_558_cov_1.16103_ID_35577	NODE_17879_length_556_cov_0.858283_ID_35757	NODE_17925_length_554_cov_0.633267_ID_35849	NODE_18058_length_551_cov_0.834677_ID_36115	NODE_18092_length_549_cov_0.761134_ID_36183	NODE_18145_length_548_cov_1.04868_ID_36289	NODE_18366_length_542_cov_1.17659_ID_36731	NODE_18399_length_540_cov_1.78351_ID_36797	NODE_18402_length_540_cov_0.812371_ID_36803	NODE_18559_length_536_cov_1.08108_ID_37117	NODE_18706_length_532_cov_0.851153_ID_37411	NODE_18803_length_530_cov_1.35789_ID_37605	NODE_18838_length_529_cov_0.938819_ID_37675	NODE_18845_length_528_cov_0.932347_ID_37689	NODE_18849_length_528_cov_1.00211_ID_37697	NODE_18873_length_528_cov_0.902748_ID_37745	NODE_18899_length_527_cov_0.699153_ID_37797	NODE_19049_length_522_cov_0.747323_ID_38097	NODE_19129_length_520_cov_1.00215_ID_38257	NODE_19234_length_518_cov_0.855292_ID_38467	NODE_19237_length_518_cov_0.911447_ID_38473	NODE_19276_length_517_cov_1.4026_ID_38551	NODE_19747_length_505_cov_0.737778_ID_39493	NODE_19773_length_504_cov_0.859688_ID_39545
Sphingopyxis_sp_MC1_gi_489141330_ref_NZ_	NODE_17938_length_554_cov_0.795591_ID_35875
Sphingopyxis_sp_MC1_gi_489132705_ref_NZ_	NODE_5840_length_1857_cov_2.22642_ID_11679	NODE_12709_length_797_cov_1.33827_ID_25417	NODE_9252_length_1133_cov_1588.9_ID_18503	NODE_19453_length_512_cov_1.17943_ID_38905	NODE_8922_length_1175_cov_0.998214_ID_17843	NODE_16992_length_584_cov_0.638941_ID_33983	NODE_12312_length_826_cov_0.819715_ID_24623	NODE_659_length_17868_cov_13.3884_ID_1317	NODE_1173_length_9944_cov_48.7868_ID_2345	NODE_1402_length_8093_cov_12.7211_ID_2803	NODE_1607_length_6996_cov_12.8232_ID_3213	NODE_2073_length_5325_cov_2.09962_ID_4145	NODE_2491_length_4450_cov_1.91217_ID_4981	NODE_2586_length_4306_cov_2039.63_ID_5171	NODE_3291_length_3360_cov_1879.28_ID_6581	NODE_3304_length_3343_cov_1.95833_ID_6607	NODE_4115_length_2663_cov_2.13842_ID_8229	NODE_4695_length_2335_cov_1725.24_ID_9389	NODE_5320_length_2054_cov_1631.85_ID_10639	NODE_5430_length_2005_cov_1.50205_ID_10859	NODE_6661_length_1625_cov_2.35924_ID_13321	NODE_6724_length_1610_cov_1.60386_ID_13447	NODE_6873_length_1572_cov_1.60448_ID_13745	NODE_6983_length_1546_cov_1.22334_ID_13965	NODE_7329_length_1465_cov_1863.44_ID_14657	NODE_7795_length_1370_cov_3.19772_ID_15589	NODE_8004_length_1330_cov_2.37961_ID_16007	NODE_8088_length_1314_cov_4.42176_ID_16175	NODE_8221_length_1290_cov_2.29879_ID_16441	NODE_8309_length_1278_cov_1.13001_ID_16617	NODE_8342_length_1273_cov_0.809524_ID_16683	NODE_8395_length_1262_cov_1.07954_ID_16789	NODE_8490_length_1245_cov_1.50084_ID_16979	NODE_8631_length_1222_cov_0.838046_ID_17261	NODE_8652_length_1217_cov_1.9432_ID_17303	NODE_8751_length_1203_cov_0.853659_ID_17501	NODE_8787_length_1198_cov_1.21085_ID_17573	NODE_8814_length_1193_cov_1.00439_ID_17627	NODE_9356_length_1119_cov_0.767857_ID_18711	NODE_9626_length_1086_cov_0.874879_ID_19251	NODE_9718_length_1075_cov_1.69314_ID_19435	NODE_9925_length_1051_cov_1.39056_ID_19849	NODE_10056_length_1036_cov_0.891947_ID_20111	NODE_10266_length_1012_cov_1.35319_ID_20531	NODE_10832_length_952_cov_2.1505_ID_21663	NODE_10928_length_943_cov_1.18018_ID_21855	NODE_10938_length_942_cov_1.27959_ID_21875	NODE_10944_length_941_cov_1.01354_ID_21887	NODE_11247_length_910_cov_0.881871_ID_22493	NODE_11348_length_901_cov_0.821513_ID_22695	NODE_11462_length_890_cov_1.30659_ID_22923	NODE_11497_length_886_cov_1.11673_ID_22993	NODE_11630_length_874_cov_1.24786_ID_23259	NODE_12127_length_839_cov_1.01276_ID_24253	NODE_12151_length_837_cov_1.44118_ID_24301	NODE_12279_length_828_cov_0.926261_ID_24557	NODE_12406_length_819_cov_0.829843_ID_24811	NODE_12458_length_815_cov_0.831579_ID_24915	NODE_12561_length_808_cov_0.883134_ID_25121	NODE_12726_length_796_cov_1.22402_ID_25451	NODE_12902_length_783_cov_1.01236_ID_25803	NODE_12993_length_778_cov_0.803596_ID_25985	NODE_13018_length_775_cov_0.9_ID_26035	NODE_13019_length_775_cov_0.936111_ID_26037	NODE_13046_length_773_cov_1.07521_ID_26091	NODE_13446_length_747_cov_1.21821_ID_26891	NODE_13507_length_744_cov_1.04935_ID_27013	NODE_13543_length_742_cov_0.841339_ID_27085	NODE_13550_length_741_cov_0.959184_ID_27099	NODE_13587_length_739_cov_0.954678_ID_27173	NODE_13663_length_733_cov_0.725664_ID_27325	NODE_13699_length_731_cov_1.19083_ID_27397	NODE_13862_length_721_cov_1.63213_ID_27723	NODE_13897_length_719_cov_1.00452_ID_27793	NODE_13902_length_719_cov_1.44729_ID_27803	NODE_14114_length_708_cov_1.11945_ID_28227	NODE_14123_length_708_cov_0.816233_ID_28245	NODE_14134_length_707_cov_0.803681_ID_28267	NODE_14185_length_705_cov_1.06615_ID_28369	NODE_14244_length_701_cov_0.98452_ID_28487	NODE_14321_length_697_cov_0.753894_ID_28641	NODE_14404_length_691_cov_1.34906_ID_28807	NODE_14413_length_691_cov_1.00314_ID_28825	NODE_14419_length_691_cov_0.742138_ID_28837	NODE_14436_length_690_cov_0.988976_ID_28871	NODE_14456_length_689_cov_1.06782_ID_28911	NODE_14483_length_688_cov_1.03318_ID_28965	NODE_14513_length_687_cov_1.0981_ID_29025	NODE_14598_length_682_cov_0.940989_ID_29195	NODE_14637_length_680_cov_0.736_ID_29273	NODE_14639_length_680_cov_1.0224_ID_29277	NODE_14698_length_678_cov_1.49759_ID_29395	NODE_14707_length_677_cov_0.839228_ID_29413	NODE_14711_length_677_cov_0.879421_ID_29421	NODE_14712_length_677_cov_0.73955_ID_29423	NODE_14748_length_675_cov_1.09677_ID_29495	NODE_14784_length_674_cov_0.6042_ID_29567	NODE_14790_length_673_cov_0.78479_ID_29579	NODE_14798_length_673_cov_0.854369_ID_29595	NODE_14889_length_669_cov_1.01303_ID_29777	NODE_14904_length_668_cov_1.09299_ID_29807	NODE_15017_length_663_cov_1.00329_ID_30033	NODE_15039_length_662_cov_0.869852_ID_30077	NODE_15045_length_662_cov_1.07084_ID_30089	NODE_15060_length_661_cov_0.752475_ID_30119	NODE_15064_length_661_cov_1.38119_ID_30127	NODE_15098_length_660_cov_0.818182_ID_30195	NODE_15114_length_659_cov_1.03642_ID_30227	NODE_15367_length_646_cov_1.16413_ID_30733	NODE_15413_length_644_cov_1.10017_ID_30825	NODE_15440_length_643_cov_1.04252_ID_30879	NODE_15455_length_642_cov_1.18569_ID_30909	NODE_15466_length_642_cov_1.12436_ID_30931	NODE_15560_length_638_cov_0.799314_ID_31119	NODE_15564_length_638_cov_0.955403_ID_31127	NODE_15700_length_632_cov_1.29289_ID_31399	NODE_15759_length_630_cov_0.796522_ID_31517	NODE_15800_length_628_cov_1.05061_ID_31599	NODE_15806_length_628_cov_0.917976_ID_31611	NODE_15826_length_627_cov_0.816434_ID_31651	NODE_15839_length_627_cov_1.12937_ID_31677	NODE_15840_length_627_cov_0.816434_ID_31679	NODE_15845_length_627_cov_1.02972_ID_31689	NODE_15876_length_625_cov_0.670175_ID_31751	NODE_15892_length_625_cov_0.810526_ID_31783	NODE_15893_length_625_cov_1.04737_ID_31785	NODE_15915_length_624_cov_0.634446_ID_31829	NODE_15991_length_621_cov_0.676678_ID_31981	NODE_15996_length_621_cov_1.0742_ID_31991	NODE_16037_length_619_cov_1.08688_ID_32073	NODE_16076_length_617_cov_1.35587_ID_32151	NODE_16083_length_617_cov_0.724199_ID_32165	NODE_16196_length_612_cov_1.54758_ID_32391	NODE_16255_length_610_cov_1.11712_ID_32509	NODE_16298_length_608_cov_1.04521_ID_32595	NODE_16356_length_606_cov_1.24319_ID_32711	NODE_16440_length_603_cov_0.79927_ID_32879	NODE_16449_length_602_cov_1.11883_ID_32897	NODE_16494_length_600_cov_1.05872_ID_32987	NODE_16496_length_600_cov_1.08991_ID_32991	NODE_16501_length_600_cov_0.678899_ID_33001	NODE_16581_length_597_cov_1.08118_ID_33161	NODE_16612_length_596_cov_0.837338_ID_33223	NODE_16693_length_593_cov_1.27881_ID_33385	NODE_16715_length_593_cov_1.03717_ID_33429	NODE_16778_length_591_cov_0.688433_ID_33555	NODE_16799_length_590_cov_1.53645_ID_33597	NODE_16837_length_588_cov_0.97561_ID_33673	NODE_16880_length_587_cov_0.921053_ID_33759	NODE_16914_length_586_cov_1.38418_ID_33827	NODE_16949_length_585_cov_0.854717_ID_33897	NODE_16999_length_583_cov_0.875_ID_33997	NODE_17073_length_581_cov_1.43346_ID_34145	NODE_17141_length_579_cov_0.942748_ID_34281	NODE_17229_length_576_cov_0.771593_ID_34457	NODE_17285_length_574_cov_1.00385_ID_34569	NODE_17308_length_573_cov_0.762548_ID_34615	NODE_17350_length_572_cov_1.14507_ID_34699	NODE_17517_length_567_cov_1.45898_ID_35033	NODE_17542_length_565_cov_0.998039_ID_35083	NODE_17617_length_563_cov_1.00197_ID_35233	NODE_17623_length_563_cov_1.32677_ID_35245	NODE_17648_length_562_cov_1.12032_ID_35295	NODE_17678_length_561_cov_0.766798_ID_35355	NODE_17824_length_557_cov_1.27092_ID_35647	NODE_17828_length_557_cov_0.677291_ID_35655	NODE_17894_length_556_cov_0.966068_ID_35787	NODE_17986_length_553_cov_0.783133_ID_35971	NODE_18042_length_551_cov_0.919355_ID_36083	NODE_18097_length_549_cov_1.19231_ID_36193	NODE_18138_length_548_cov_1.02231_ID_36275	NODE_18144_length_548_cov_0.993915_ID_36287	NODE_18231_length_545_cov_1.00612_ID_36461	NODE_18339_length_542_cov_0.907598_ID_36677	NODE_18362_length_542_cov_0.823409_ID_36723	NODE_18516_length_537_cov_0.811203_ID_37031	NODE_18523_length_537_cov_0.740664_ID_37045	NODE_18633_length_534_cov_1.36117_ID_37265	NODE_18696_length_532_cov_1.1174_ID_37391	NODE_18697_length_532_cov_1.13836_ID_37393	NODE_18764_length_531_cov_0.678571_ID_37527	NODE_18778_length_530_cov_0.732632_ID_37555	NODE_18978_length_525_cov_0.844681_ID_37955	NODE_18991_length_524_cov_0.801706_ID_37981	NODE_19042_length_522_cov_0.706638_ID_38083	NODE_19171_length_519_cov_0.868534_ID_38341	NODE_19255_length_517_cov_0.939394_ID_38509	NODE_19362_length_514_cov_0.686275_ID_38723	NODE_19395_length_513_cov_0.980349_ID_38789	NODE_19499_length_511_cov_1.51754_ID_38997	NODE_19524_length_510_cov_1.38462_ID_39047	NODE_19594_length_508_cov_0.889625_ID_39187	NODE_19639_length_507_cov_0.814159_ID_39277	NODE_19738_length_505_cov_1.20889_ID_39475	NODE_19752_length_504_cov_0.933185_ID_39503	NODE_19753_length_504_cov_1.00891_ID_39505	NODE_19787_length_504_cov_0.951002_ID_39573	NODE_19801_length_504_cov_1.3118_ID_39601	NODE_19861_length_502_cov_1.06711_ID_39721	NODE_19876_length_501_cov_1.31614_ID_39751	NODE_19881_length_501_cov_0.934978_ID_39761	NODE_19900_length_501_cov_1.11883_ID_39799	NODE_19913_length_500_cov_0.986517_ID_39825
Sphingopyxis_sp_MC1_gi_489138205_ref_NZ_	NODE_637_length_18578_cov_13.1981_ID_1273	NODE_827_length_14468_cov_14.121_ID_1653	NODE_1383_length_8236_cov_2.07786_ID_2765	NODE_1811_length_6187_cov_11.8345_ID_3621	NODE_2760_length_4006_cov_2.21058_ID_5519	NODE_3244_length_3407_cov_1.75984_ID_6487	NODE_4095_length_2678_cov_2.54823_ID_8189	NODE_5471_length_1990_cov_2.57209_ID_10941	NODE_6048_length_1793_cov_1.5046_ID_12095	NODE_6200_length_1743_cov_1.25533_ID_12399	NODE_6206_length_1741_cov_1.22479_ID_12411	NODE_7173_length_1498_cov_1.8711_ID_14345	NODE_8220_length_1290_cov_0.932794_ID_16439	NODE_8388_length_1263_cov_0.968543_ID_16775	NODE_8623_length_1224_cov_1.31737_ID_17245	NODE_8729_length_1206_cov_1.06082_ID_17457	NODE_9252_length_1133_cov_1588.9_ID_18503	NODE_9278_length_1129_cov_1.03724_ID_18555	NODE_9751_length_1072_cov_0.971485_ID_19501	NODE_10541_length_982_cov_0.67206_ID_21081	NODE_10626_length_974_cov_0.951034_ID_21251	NODE_10716_length_964_cov_1.12981_ID_21431	NODE_11269_length_907_cov_1.38615_ID_22537	NODE_11376_length_898_cov_1.37367_ID_22751	NODE_11611_length_876_cov_0.778319_ID_23221	NODE_11846_length_858_cov_1.06227_ID_23691	NODE_12136_length_839_cov_1.56888_ID_24271	NODE_12213_length_833_cov_1.1401_ID_24425	NODE_12535_length_810_cov_0.819868_ID_25069	NODE_12555_length_809_cov_1.11538_ID_25109	NODE_12563_length_808_cov_1.29084_ID_25125	NODE_12995_length_777_cov_0.951524_ID_25989	NODE_13050_length_773_cov_0.837047_ID_26099	NODE_13068_length_771_cov_1.0419_ID_26135	NODE_13069_length_771_cov_0.934358_ID_26137	NODE_13107_length_769_cov_0.876751_ID_26213	NODE_13353_length_752_cov_0.903874_ID_26705	NODE_13768_length_727_cov_0.965774_ID_27535	NODE_13929_length_718_cov_1.13575_ID_27857	NODE_14132_length_707_cov_1.15184_ID_28263	NODE_14248_length_700_cov_0.844961_ID_28495	NODE_14322_length_697_cov_0.805296_ID_28643	NODE_14362_length_695_cov_0.907813_ID_28723	NODE_14428_length_691_cov_1.01415_ID_28855	NODE_14545_length_685_cov_0.919048_ID_29089	NODE_14633_length_680_cov_1.0896_ID_29265	NODE_14789_length_673_cov_0.700647_ID_29577	NODE_14903_length_668_cov_0.849918_ID_29805	NODE_15081_length_660_cov_0.864463_ID_30161	NODE_15182_length_655_cov_1.37833_ID_30363	NODE_15214_length_653_cov_0.998328_ID_30427	NODE_15393_length_645_cov_1.01864_ID_30785	NODE_15434_length_643_cov_0.734694_ID_30867	NODE_15457_length_642_cov_0.948893_ID_30913	NODE_15536_length_639_cov_0.726027_ID_31071	NODE_15588_length_637_cov_0.93299_ID_31175	NODE_15621_length_636_cov_0.679862_ID_31241	NODE_15629_length_635_cov_1.36379_ID_31257	NODE_15906_length_624_cov_0.824253_ID_31811	NODE_15939_length_623_cov_1.17782_ID_31877	NODE_15962_length_622_cov_1.09524_ID_31923	NODE_16125_length_615_cov_1.43929_ID_32249	NODE_16293_length_608_cov_0.810127_ID_32585	NODE_16328_length_607_cov_0.902174_ID_32655	NODE_16426_length_603_cov_1.18796_ID_32851	NODE_16456_length_602_cov_1.78611_ID_32911	NODE_16611_length_596_cov_1.0573_ID_33221	NODE_16774_length_591_cov_1.18843_ID_33547	NODE_17064_length_581_cov_1.0038_ID_34127	NODE_17287_length_574_cov_0.961464_ID_34573	NODE_17312_length_573_cov_1.46332_ID_34623	NODE_17361_length_571_cov_0.829457_ID_34721	NODE_17369_length_571_cov_1.37597_ID_34737	NODE_17415_length_569_cov_0.725681_ID_34829	NODE_17903_length_555_cov_0.954_ID_35805	NODE_18171_length_547_cov_1.30285_ID_36341	NODE_18274_length_544_cov_0.957055_ID_36547	NODE_18307_length_543_cov_0.729508_ID_36613	NODE_18473_length_538_cov_1.0207_ID_36945	NODE_18780_length_530_cov_1_ID_37559	NODE_18789_length_530_cov_0.684211_ID_37577	NODE_19035_length_523_cov_0.848291_ID_38069	NODE_19085_length_521_cov_0.796137_ID_38169	NODE_19133_length_520_cov_0.67957_ID_38265	NODE_19247_length_517_cov_1.12121_ID_38493	NODE_19379_length_514_cov_1.18736_ID_38757	NODE_19453_length_512_cov_1.17943_ID_38905	NODE_19509_length_510_cov_0.927473_ID_39017	NODE_19557_length_509_cov_0.786344_ID_39113	NODE_19630_length_507_cov_0.869469_ID_39259	NODE_19778_length_504_cov_0.935412_ID_39555
Sphingopyxis_sp_MC1_gi_489143075_ref_NZ_	NODE_6825_length_1582_cov_0.958743_ID_13649	NODE_9591_length_1090_cov_1.30821_ID_19181	NODE_9861_length_1059_cov_1.16434_ID_19721	NODE_10588_length_977_cov_1.00542_ID_21175	NODE_10966_length_939_cov_1.27715_ID_21931	NODE_11095_length_927_cov_0.801606_ID_22189	NODE_11431_length_892_cov_0.924731_ID_22861	NODE_11656_length_873_cov_0.721271_ID_23311	NODE_12407_length_819_cov_0.858639_ID_24813	NODE_12724_length_796_cov_1.02969_ID_25447	NODE_13009_length_776_cov_1.09154_ID_26017	NODE_13514_length_743_cov_0.949128_ID_27027	NODE_13764_length_727_cov_1.1131_ID_27527	NODE_14408_length_691_cov_0.798742_ID_28815	NODE_14502_length_687_cov_1.14082_ID_29003	NODE_14706_length_677_cov_1.28135_ID_29411	NODE_14809_length_672_cov_1.22204_ID_29617	NODE_15092_length_660_cov_0.955372_ID_30183	NODE_15692_length_632_cov_1.00347_ID_31383	NODE_15697_length_632_cov_1.2409_ID_31393	NODE_15722_length_631_cov_0.670139_ID_31443	NODE_15848_length_627_cov_1.11713_ID_31695	NODE_15959_length_623_cov_1.27641_ID_31917	NODE_15999_length_621_cov_1.10954_ID_31997	NODE_16164_length_614_cov_1.10912_ID_32327	NODE_16266_length_609_cov_1.08664_ID_32531	NODE_16416_length_604_cov_0.759563_ID_32831	NODE_16682_length_594_cov_0.71243_ID_33363	NODE_16690_length_594_cov_1.18924_ID_33379	NODE_16710_length_593_cov_1.13755_ID_33419	NODE_16978_length_584_cov_1.24197_ID_33955	NODE_17441_length_569_cov_1.57782_ID_34881	NODE_17505_length_567_cov_0.828125_ID_35009	NODE_17763_length_559_cov_0.730159_ID_35525	NODE_17823_length_557_cov_1.23108_ID_35645	NODE_18848_length_528_cov_1.11416_ID_37695	NODE_19055_length_522_cov_0.67666_ID_38109	NODE_19092_length_521_cov_1.03863_ID_38183	NODE_19134_length_520_cov_1.10538_ID_38267	NODE_19784_length_504_cov_1.30512_ID_39567	NODE_19836_length_503_cov_1.05134_ID_39671	NODE_19888_length_501_cov_1.11659_ID_39775
Sphingopyxis_sp_MC1_gi_489135343_ref_NZ_	NODE_14496_length_688_cov_0.742496_ID_28991	NODE_7700_length_1385_cov_1.03383_ID_15399	NODE_10399_length_998_cov_1.31177_ID_20797	NODE_10677_length_969_cov_0.924508_ID_21353	NODE_11081_length_929_cov_1.01487_ID_22161	NODE_12096_length_842_cov_1.29606_ID_24191	NODE_13123_length_768_cov_1.02665_ID_26245	NODE_14233_length_702_cov_1.90108_ID_28465	NODE_15097_length_660_cov_1.43471_ID_30193	NODE_15608_length_636_cov_1.04647_ID_31215	NODE_15865_length_626_cov_0.8669_ID_31729	NODE_15997_length_621_cov_1.00353_ID_31993	NODE_16408_length_604_cov_1.6776_ID_32815	NODE_16670_length_594_cov_1.25417_ID_33339	NODE_17514_length_567_cov_0.695312_ID_35027	NODE_17717_length_560_cov_0.712871_ID_35433	NODE_17768_length_559_cov_1.55556_ID_35535	NODE_17872_length_556_cov_0.9002_ID_35743	NODE_17943_length_554_cov_1.97595_ID_35885	NODE_18206_length_546_cov_0.918534_ID_36411	NODE_18811_length_529_cov_1.67932_ID_37621	NODE_19407_length_513_cov_1.05677_ID_38813
Sphingopyxis_sp_MC1_gi_489129128_ref_NZ_	NODE_5391_length_2018_cov_1.55222_ID_10781	NODE_5536_length_1966_cov_2.05704_ID_11071	NODE_5938_length_1828_cov_2.163_ID_11875	NODE_9712_length_1075_cov_0.906863_ID_19423	NODE_10151_length_1025_cov_0.976289_ID_20301	NODE_12414_length_818_cov_1.06553_ID_24827	NODE_12459_length_815_cov_0.956579_ID_24917	NODE_12981_length_778_cov_1.10373_ID_25961	NODE_13754_length_728_cov_1.30906_ID_27507	NODE_13796_length_725_cov_0.79403_ID_27591	NODE_14111_length_708_cov_1.01378_ID_28221	NODE_14587_length_683_cov_1.15287_ID_29173	NODE_15260_length_652_cov_1.01675_ID_30519	NODE_15368_length_646_cov_1.07445_ID_30735	NODE_15702_length_632_cov_1.04679_ID_31403	NODE_15818_length_628_cov_1.03316_ID_31635	NODE_15964_length_622_cov_1.01411_ID_31927	NODE_16053_length_618_cov_0.989343_ID_32105	NODE_16123_length_615_cov_1.08571_ID_32245	NODE_16353_length_606_cov_0.862069_ID_32705	NODE_16849_length_588_cov_0.748593_ID_33697	NODE_16969_length_584_cov_0.758034_ID_33937	NODE_17013_length_583_cov_1.02273_ID_34025	NODE_17455_length_568_cov_0.783626_ID_34909	NODE_17513_length_567_cov_1.08398_ID_35025	NODE_17641_length_562_cov_0.87574_ID_35281	NODE_17780_length_558_cov_0.797217_ID_35559	NODE_18199_length_546_cov_1.31772_ID_36397	NODE_18445_length_539_cov_0.882231_ID_36889	NODE_18526_length_537_cov_1.25726_ID_37051	NODE_18547_length_536_cov_0.964657_ID_37093	NODE_18689_length_533_cov_1.1318_ID_37377	NODE_19047_length_522_cov_1.02355_ID_38093	NODE_19121_length_520_cov_0.91828_ID_38241	NODE_19470_length_511_cov_0.732456_ID_38939	NODE_19608_length_508_cov_0.673289_ID_39215	NODE_19682_length_506_cov_0.94235_ID_39363	NODE_19793_length_504_cov_1.25167_ID_39585
Sphingopyxis_sp_MC1_gi_489139498_ref_NZ_	NODE_4968_length_2198_cov_1460_ID_9935	NODE_6375_length_1697_cov_1.5268_ID_12749	NODE_7579_length_1408_cov_1.80414_ID_15157	NODE_7927_length_1345_cov_11.3868_ID_15853	NODE_8491_length_1245_cov_1.07395_ID_16981	NODE_11924_length_853_cov_0.838346_ID_23847	NODE_12208_length_833_cov_0.791774_ID_24415	NODE_12278_length_829_cov_1.02584_ID_24555	NODE_12629_length_803_cov_0.86631_ID_25257	NODE_12709_length_797_cov_1.33827_ID_25417	NODE_12751_length_795_cov_1.16622_ID_25501	NODE_13025_length_775_cov_1.0375_ID_26049	NODE_13199_length_763_cov_0.971751_ID_26397	NODE_13622_length_736_cov_1.03965_ID_27243	NODE_13883_length_720_cov_0.911278_ID_27765	NODE_13913_length_719_cov_1.4262_ID_27825	NODE_13968_length_716_cov_1.23752_ID_27935	NODE_14335_length_696_cov_0.856474_ID_28669	NODE_14679_length_678_cov_1.34992_ID_29357	NODE_14745_length_675_cov_0.86129_ID_29489	NODE_15065_length_661_cov_1.08911_ID_30129	NODE_15323_length_648_cov_1.27825_ID_30645	NODE_15531_length_639_cov_0.780822_ID_31061	NODE_15566_length_638_cov_0.943396_ID_31131	NODE_15809_length_628_cov_1.05934_ID_31617	NODE_15879_length_625_cov_1.35439_ID_31757	NODE_16546_length_598_cov_1.04604_ID_33091	NODE_16979_length_584_cov_0.799622_ID_33957	NODE_18037_length_551_cov_1.11089_ID_36073	NODE_18068_length_550_cov_1.05859_ID_36135	NODE_18111_length_549_cov_1.10121_ID_36221	NODE_18220_length_546_cov_0.967413_ID_36439	NODE_18446_length_539_cov_1.02273_ID_36891	NODE_18765_length_531_cov_1.51891_ID_37529	NODE_19497_length_511_cov_1.59211_ID_38993	NODE_19934_length_500_cov_0.692135_ID_39867
Sphingopyxis_sp_MC1_gi_489133619_ref_NZ_	NODE_17434_length_569_cov_1.02724_ID_34867	NODE_12993_length_778_cov_0.803596_ID_25985	NODE_14637_length_680_cov_0.736_ID_29273	NODE_446_length_24809_cov_13.5772_ID_891	NODE_683_length_17274_cov_13.6407_ID_1365	NODE_784_length_15272_cov_17.0331_ID_1567	NODE_1361_length_8380_cov_45.6776_ID_2721	NODE_2768_length_3991_cov_1949.54_ID_5535	NODE_3032_length_3632_cov_1.87699_ID_6063	NODE_4521_length_2423_cov_1.9565_ID_9041	NODE_4534_length_2417_cov_1.91025_ID_9067	NODE_4914_length_2222_cov_1.72174_ID_9827	NODE_7262_length_1477_cov_1.43108_ID_14523	NODE_8329_length_1276_cov_1.33907_ID_16657	NODE_8902_length_1178_cov_1.04185_ID_17803	NODE_9027_length_1160_cov_0.898643_ID_18053	NODE_9029_length_1160_cov_1.06878_ID_18057	NODE_9316_length_1124_cov_1.12722_ID_18631	NODE_9976_length_1044_cov_1.01719_ID_19951	NODE_10006_length_1041_cov_1.2211_ID_20011	NODE_10107_length_1030_cov_0.931282_ID_20213	NODE_10515_length_985_cov_0.895699_ID_21029	NODE_10670_length_969_cov_1.17505_ID_21339	NODE_10753_length_961_cov_1.44481_ID_21505	NODE_11104_length_926_cov_0.998852_ID_22207	NODE_11167_length_918_cov_0.856315_ID_22333	NODE_11751_length_865_cov_1.25062_ID_23501	NODE_11771_length_864_cov_0.970334_ID_23541	NODE_11776_length_864_cov_1.22991_ID_23551	NODE_12034_length_845_cov_1.03418_ID_24067	NODE_12150_length_837_cov_0.782609_ID_24299	NODE_12378_length_821_cov_0.86423_ID_24755	NODE_12674_length_799_cov_0.873656_ID_25347	NODE_12677_length_799_cov_1.27419_ID_25353	NODE_12752_length_794_cov_1.17456_ID_25503	NODE_12785_length_792_cov_1.61058_ID_25569	NODE_12828_length_788_cov_1.13643_ID_25655	NODE_12838_length_788_cov_0.915416_ID_25675	NODE_13021_length_775_cov_0.770833_ID_26041	NODE_13153_length_766_cov_1.17581_ID_26305	NODE_13230_length_761_cov_1.15864_ID_26459	NODE_13230_length_761_cov_1.15864_ID_26459	NODE_13671_length_733_cov_1_ID_27341	NODE_14024_length_713_cov_0.851064_ID_28047	NODE_14154_length_706_cov_0.90169_ID_28307	NODE_14247_length_700_cov_1.37674_ID_28493	NODE_14621_length_681_cov_0.699681_ID_29241	NODE_14656_length_679_cov_0.790064_ID_29311	NODE_14765_length_674_cov_1.08724_ID_29529	NODE_14788_length_674_cov_0.877221_ID_29575	NODE_14792_length_673_cov_1.16828_ID_29583	NODE_14953_length_666_cov_0.937807_ID_29905	NODE_15315_length_648_cov_1.07083_ID_30629	NODE_15324_length_648_cov_1.13491_ID_30647	NODE_15447_length_643_cov_1.14966_ID_30893	NODE_15624_length_635_cov_1.0069_ID_31247	NODE_15649_length_634_cov_1.09499_ID_31297	NODE_15689_length_632_cov_0.811092_ID_31377	NODE_15753_length_630_cov_1.34957_ID_31505	NODE_15819_length_628_cov_1.28796_ID_31637	NODE_15832_length_627_cov_1.04545_ID_31663	NODE_16060_length_618_cov_0.964476_ID_32119	NODE_16297_length_608_cov_0.813743_ID_32593	NODE_16447_length_602_cov_0.866545_ID_32893	NODE_16504_length_600_cov_0.99633_ID_33007	NODE_16713_length_593_cov_0.895911_ID_33425	NODE_16760_length_591_cov_0.791045_ID_33519	NODE_17456_length_568_cov_0.97076_ID_34911	NODE_17511_length_567_cov_1.26953_ID_35021	NODE_17594_length_564_cov_1.20629_ID_35187	NODE_17673_length_562_cov_0.891519_ID_35345	NODE_17747_length_559_cov_1.46825_ID_35493	NODE_17854_length_557_cov_0.758964_ID_35707	NODE_17920_length_555_cov_0.828_ID_35839	NODE_17928_length_554_cov_1.01403_ID_35855	NODE_17959_length_554_cov_1.5511_ID_35917	NODE_17966_length_553_cov_0.891566_ID_35931	NODE_18079_length_550_cov_0.565657_ID_36157	NODE_18142_length_548_cov_0.953347_ID_36283	NODE_18337_length_542_cov_0.98768_ID_36673	NODE_18540_length_537_cov_1.34855_ID_37079	NODE_18626_length_534_cov_0.983299_ID_37251	NODE_18644_length_534_cov_0.847599_ID_37287	NODE_18710_length_532_cov_1.4696_ID_37419	NODE_18782_length_530_cov_0.962105_ID_37563	NODE_18872_length_528_cov_0.676533_ID_37743	NODE_18889_length_527_cov_1.50424_ID_37777	NODE_18909_length_527_cov_0.775424_ID_37817	NODE_19001_length_524_cov_0.80597_ID_38001	NODE_19046_length_522_cov_1.31049_ID_38091	NODE_19113_length_521_cov_1.10086_ID_38225	NODE_19209_length_518_cov_1.0324_ID_38417	NODE_19213_length_518_cov_0.758099_ID_38425	NODE_19230_length_518_cov_1.29158_ID_38459	NODE_19270_length_517_cov_1.09091_ID_38539	NODE_19292_length_516_cov_0.739696_ID_38583	NODE_19293_length_516_cov_0.765727_ID_38585	NODE_19434_length_512_cov_0.910284_ID_38867	NODE_19537_length_510_cov_0.978022_ID_39073	NODE_19893_length_501_cov_1.34978_ID_39785	NODE_19906_length_501_cov_1.29372_ID_39811
Sphingopyxis_sp_MC1_gi_489138992_ref_NZ_	NODE_15536_length_639_cov_0.726027_ID_31071	NODE_10465_length_991_cov_1.12821_ID_20929	NODE_10964_length_939_cov_1.04977_ID_21927	NODE_11252_length_909_cov_0.957845_ID_22503	NODE_13792_length_726_cov_1.0313_ID_27583	NODE_14007_length_714_cov_1.03338_ID_28013	NODE_15169_length_656_cov_1.03328_ID_30337	NODE_15522_length_640_cov_1.24444_ID_31043	NODE_17532_length_566_cov_1.20352_ID_35063	NODE_18656_length_533_cov_0.997908_ID_37311	NODE_19353_length_514_cov_1.00218_ID_38705
Sphingopyxis_sp_MC1_gi_489134126_ref_NZ_	NODE_1275_length_9004_cov_3.03878_ID_2549	NODE_1420_length_7931_cov_2.39132_ID_2839	NODE_1734_length_6457_cov_2.12559_ID_3467	NODE_3478_length_3179_cov_2.39597_ID_6955	NODE_5924_length_1831_cov_1.5214_ID_11847	NODE_6434_length_1678_cov_1.81762_ID_12867	NODE_6572_length_1644_cov_1.24481_ID_13143	NODE_7863_length_1354_cov_1.16859_ID_15725	NODE_10557_length_981_cov_1.34665_ID_21113	NODE_10807_length_954_cov_0.840934_ID_21613	NODE_11050_length_932_cov_1.1049_ID_22099	NODE_11233_length_912_cov_1.34889_ID_22465	NODE_11812_length_861_cov_1.07568_ID_23623	NODE_11814_length_861_cov_1.03722_ID_23627	NODE_12035_length_845_cov_1.14557_ID_24069	NODE_12086_length_842_cov_0.891995_ID_24171	NODE_12422_length_818_cov_1.23067_ID_24843	NODE_12991_length_778_cov_1.49931_ID_25981	NODE_13573_length_740_cov_1.00584_ID_27145	NODE_13649_length_734_cov_0.879234_ID_27297	NODE_13861_length_721_cov_0.960961_ID_27721	NODE_14169_length_705_cov_1.00462_ID_28337	NODE_14186_length_704_cov_1.29738_ID_28371	NODE_14478_length_688_cov_0.941548_ID_28955	NODE_14577_length_683_cov_2.16242_ID_29153	NODE_14635_length_680_cov_0.8528_ID_29269	NODE_14829_length_672_cov_1.27229_ID_29657	NODE_14877_length_669_cov_0.82899_ID_29753	NODE_14897_length_668_cov_1.26917_ID_29793	NODE_15139_length_657_cov_1.29734_ID_30277	NODE_15403_length_645_cov_1.22542_ID_30805	NODE_15496_length_641_cov_0.892491_ID_30991	NODE_15713_length_632_cov_1.01386_ID_31425	NODE_15772_length_629_cov_0.817073_ID_31543	NODE_16015_length_620_cov_0.987611_ID_32029	NODE_16126_length_615_cov_1.31071_ID_32251	NODE_16129_length_615_cov_1.25536_ID_32257	NODE_16331_length_607_cov_1.42572_ID_32661	NODE_16773_length_591_cov_1.42724_ID_33545	NODE_16986_length_584_cov_1.20416_ID_33971	NODE_17055_length_581_cov_0.6673_ID_34109	NODE_17152_length_578_cov_0.774379_ID_34303	NODE_17397_length_570_cov_1.42718_ID_34793	NODE_17434_length_569_cov_1.02724_ID_34867	NODE_17719_length_560_cov_1.10495_ID_35437	NODE_17729_length_560_cov_0.966337_ID_35457	NODE_17785_length_558_cov_0.67992_ID_35569	NODE_17876_length_556_cov_0.794411_ID_35751	NODE_17931_length_554_cov_0.741483_ID_35861	NODE_18008_length_552_cov_0.643863_ID_36015	NODE_18044_length_551_cov_1.17944_ID_36087	NODE_18374_length_541_cov_1.17078_ID_36747	NODE_18404_length_540_cov_0.657732_ID_36807	NODE_18771_length_531_cov_1.20588_ID_37541	NODE_18800_length_530_cov_0.953684_ID_37599	NODE_18896_length_527_cov_0.978814_ID_37791	NODE_18910_length_527_cov_1.04661_ID_37819	NODE_18916_length_527_cov_0.891949_ID_37831	NODE_18970_length_525_cov_0.73617_ID_37939	NODE_19070_length_522_cov_0.982869_ID_38139	NODE_19124_length_520_cov_0.563441_ID_38247	NODE_19179_length_519_cov_1.26509_ID_38357	NODE_19184_length_519_cov_1.39009_ID_38367	NODE_19222_length_518_cov_1.33477_ID_38443	NODE_19435_length_512_cov_0.772429_ID_38869
